project,window,window_start,window_end,person,github_login,organization,organization_aggregated,org_source,contributions,contribution_pct,roles,email_domain,github_company,git_commits,first_commit,last_commit,source
Luigi,all,,,JohannesDoberer,JohannesDoberer,SAP,SAP,email-domain,10836,21.61,maintainer,sap.com,SAP,622,2019-01-28,2026-08-17,lfx
Luigi,all,,,Philipp Pracht,hardl,SAP,SAP,email-domain,5369,10.71,maintainer,sap.com,,498,2018-08-10,2026-08-19,lfx
Luigi,all,,,walmazacn,walmazacn,SAP,SAP,email-domain,5284,10.54,maintainer,sap.com,,224,2024-05-17,2026-09-04,lfx
Luigi,all,,,Markus Edenhauser,maxmarkus,Snk Interactive,Snk Interactive,commit-search,3915,7.81,,snk-interactive.de,,192,2018-08-01,2021-03-24,lfx
Luigi,all,,,ndricimrr,ndricimrr,SAP,SAP,same-person,2785,5.55,maintainer,sap.com,,6,2020-04-08,2021-09-27,lfx
Luigi,all,,,ndricim-rr,ndricim-rr,SAP,SAP,email-domain,2439,4.86,,sap.com,,193,2019-12-12,2025-08-01,lfx
Luigi,all,,,alexandra-simeonova,alexandra-simeonova,SAP,SAP,email-domain,2379,4.74,,sap.com,SAP,174,2019-08-20,2023-12-07,lfx
Luigi,all,,,Uliana Cáceres 🇺🇦,UlianaMunich,Uliana,Individual,personal-domain,2151,4.29,,uliana.me,,104,2020-04-20,2022-06-28,lfx
Luigi,all,,,Jesús Real Serrano,jesusreal,Individual,Individual,individual,1284,2.56,,users.noreply.github.com,,53,2018-07-31,2019-09-05,lfx
Luigi,all,,,stanleychh,stanleychh,SAP,SAP,email-domain,1222,2.44,,sap.com,,48,2020-07-07,2022-08-22,lfx
Luigi,all,,,Peter Kurajsky,pekura,SAP,SAP,email-domain,1161,2.32,maintainer,sap.com,,77,2018-08-09,2019-12-18,lfx
Luigi,all,,,marynaKhromova,marynaKhromova,Individual,Individual,individual,1055,2.1,,,,47,2019-03-07,2020-05-29,lfx
Luigi,all,,,zarkosimic,zarkosimic,Coscom Computers GmbH,Coscom Computers,github-company,959,1.91,,users.noreply.github.com,Coscom Computers GmbH,29,2019-09-04,2020-06-10,lfx
Luigi,all,,,Johannes Doberer,,SAP,SAP,email-domain-name,768,1.53,,sap.com,,622,2019-01-28,2026-08-17,lfx
Luigi,all,,,parostatkiem-zz,parostatkiem-zz,SAP,SAP,email-domain,743,1.48,,sap.com,,3,2019-05-02,2019-05-13,lfx
Luigi,all,,,wdoberschuetz,wdoberschuetz,Individual,Individual,individual,738,1.47,,gmail.com,,15,2021-06-11,2022-12-01,lfx
Luigi,all,,,legteodav,legteodav,SAP,SAP,email-domain,532,1.06,,sap.com,,27,2020-11-20,2021-03-25,lfx
Luigi,all,,,kwiatekus,kwiatekus,SAP,SAP,email-domain,513,1.02,,sap.com,SAP,45,2018-07-31,2019-03-08,lfx
Luigi,all,,,rafalgamon,rafalgamon,SAP,SAP,commit-search,511,1.02,,sap.com,,20,2021-06-14,2022-10-24,lfx
Luigi,all,,,Daria Domagała,dariadomagala-sap,Individual,Individual,individual,495,0.99,,,,33,2018-08-13,2019-04-11,lfx
Luigi,all,,,viktorsperling,viktorsperling,SAP,SAP,email-domain,492,0.98,,sap.com,SAP,46,2021-10-05,2022-09-28,lfx
Luigi,all,,,VincentUllal,VincentUllal,Individual,Individual,individual,460,0.92,,,,0,,,lfx
Luigi,all,,,camelCaseChris,camelCaseChris,SAP,SAP,commit-search,321,0.64,,sap.com,,0,,,lfx
Luigi,all,,,Barbara Czyż,bszwarc,SAP,SAP,email-domain,315,0.63,,sap.com,,14,2018-10-05,2019-10-10,lfx
Luigi,all,,,y-kkamil,y-kkamil,Individual,Individual,individual,301,0.6,,,,0,,,lfx
Luigi,all,,,Waldemar Mazurek,,SAP,SAP,email-domain-name,252,0.5,,sap.com,,224,2024-05-17,2026-09-04,lfx
Luigi,all,,,Ndricim Rrapi,,SAP,SAP,email-domain-name,242,0.48,,sap.com,,199,2019-12-12,2025-08-01,lfx
Luigi,all,,,Markus,,Individual,Individual,individual,225,0.45,,,,192,2018-08-01,2021-03-24,lfx
Luigi,all,,,Aleksandra Simeonova,,SAP,SAP,email-domain-name,160,0.32,,sap.com,,148,2020-03-03,2023-12-07,lfx
Luigi,all,,,smahati,smahati,SAP,SAP,commit-search,159,0.32,,sap.com,,7,2024-04-02,2024-11-05,lfx
Luigi,all,,,Peter Kurajsky,,SAP,SAP,same-person,151,0.3,,sap.com,,75,2018-08-09,2019-12-18,lfx
Luigi,all,,,Uliana Caceres,,Individual,Individual,individual,133,0.27,,,,104,2020-04-20,2022-06-28,lfx
Luigi,all,,,amilewskaa,amilewskaa,Individual,Individual,individual,102,0.2,,users.noreply.github.com,,8,2024-05-17,2024-11-13,lfx
Luigi,all,,,Jesús Real Serrano,,Individual,Individual,individual,77,0.15,,,,53,2018-07-31,2019-09-05,lfx
Luigi,all,,,azriel46d,azriel46d,Individual,Individual,individual,71,0.14,,gmail.com,,6,2020-06-16,2020-09-18,lfx
Luigi,all,,,robertIsaac,robertIsaac,SAP,SAP,email-domain,71,0.14,,sap.com,,8,2025-05-22,2026-05-26,lfx
Luigi,all,,,"Kwiatosz, Krzysztof",,Individual,Individual,individual,71,0.14,,,,0,,,lfx
Luigi,all,,,Stanley Hsu,,SAP,SAP,email-domain-name,57,0.11,,sap.com,,48,2020-07-07,2022-08-22,lfx
Luigi,all,,,Klaudia Grzondziel,klaudiagrz,Individual,Individual,individual,54,0.11,,users.noreply.github.com,,1,2019-03-28,2019-03-28,lfx
Luigi,all,,,marynaKhromova,,Individual,Individual,individual,53,0.11,,,,47,2019-03-07,2020-05-29,lfx
Luigi,all,,,Wiktor Doberschuetz,,Individual,Individual,individual,49,0.1,,,,15,2021-06-11,2022-12-01,lfx
Luigi,all,,,Karolina Rymer,kazydek,Pubnub,Pubnub,commit-search,43,0.09,,pubnub.com,,0,,,lfx
Luigi,all,,,Jotrorox,Jotrorox,Jotrorox,Individual,personal-domain,42,0.08,,jotrorox.com,,2,2024-05-08,2024-05-13,lfx
Luigi,all,,,Zarko Simic,,Coscom Computers GmbH,Coscom Computers,same-person,41,0.08,,users.noreply.github.com,,29,2019-09-04,2020-06-10,lfx
Luigi,all,,,Artur,aartek,SAP,SAP,commit-search,40,0.08,,sap.com,,4,2018-09-05,2019-07-16,lfx
Luigi,all,,,somabagyinszky7,somabagyinszky7,Individual,Individual,individual,38,0.08,,gmail.com,,4,2023-05-25,2023-06-21,lfx
Luigi,all,,,rafalgamon,,SAP,SAP,same-person,36,0.07,,sap.com,,20,2021-06-14,2022-10-24,lfx
Luigi,all,,,viktorsperling,,SAP,SAP,email-domain-name,34,0.07,,sap.com,,46,2021-10-05,2022-09-28,lfx
Luigi,all,,,Daria Domagała,,Individual,Individual,individual,33,0.07,,,,33,2018-08-13,2019-04-11,lfx
Luigi,all,,,Vincent Tomoaki Öller,,Individual,Individual,individual,32,0.06,,,,30,2023-10-09,2026-03-27,lfx
Luigi,all,,,Kamil K,,SAP,SAP,email-domain-name,31,0.06,,sap.com,,24,2018-08-22,2019-07-31,lfx
Luigi,all,,,cla-assistant,cla-assistant,Individual,Individual,individual,30,0.06,,,,0,,,lfx
Luigi,all,,,Jan Sudczak,,SAP,SAP,email-domain-name,28,0.06,,sap.com,,31,2018-09-25,2019-05-13,lfx
Luigi,all,,,Alexandra Simeonova,,SAP,SAP,same-person,28,0.06,,sap.com,,26,2019-08-20,2020-02-18,lfx
Luigi,all,,,legteodav,,SAP,SAP,email-domain-name,27,0.05,,sap.com,,27,2020-11-20,2021-03-25,lfx
Luigi,all,,,Tobias Looker,m4staka,Individual,Individual,individual,25,0.05,,,,0,,,lfx
Luigi,all,,,Damian Maring,DamianLion,SAP,SAP,commit-search,22,0.04,,sap.com,,1,2018-08-22,2018-08-22,lfx
Luigi,all,,,Krzysztof,,Individual,Individual,individual,22,0.04,,,,36,2018-09-26,2019-03-08,lfx
Luigi,all,,,Pankaj Patil,Patil2099,AuroraEnergyResearch,AuroraEnergyResearch,github-company,22,0.04,,hotmail.com,AuroraEnergyResearch,2,2021-08-16,2021-09-27,lfx
Luigi,all,,,Florian Vogt,flovogt,SAP,SAP,email-domain,22,0.04,,sap.com,,2,2025-03-13,2025-03-17,lfx
Luigi,all,,,Ajinkya Patil,ajinkyapatil8190,SAP,SAP,email-domain,19,0.04,,sap.com,"SAP SE, Germany",6,2022-06-13,2025-03-07,lfx
Luigi,all,,,Tom Papiernik,tomekpapiernik,Individual,Individual,individual,18,0.04,,,,0,,,lfx
Luigi,all,,,Lukasz Gornicki,derberg,Wp,Wp,email-domain,17,0.03,,wp.pl,,2,2018-09-14,2018-12-06,lfx
Luigi,all,,,Barbara Szwarc,,SAP,SAP,email-domain-name,17,0.03,,sap.com,,4,2019-07-04,2019-10-10,lfx
Luigi,all,,,Anupam Mediratta,anupamme,University of Edinburgh,University of Edinburgh,github-company,16,0.03,,gmail.com,University of Edinburgh,1,2026-07-23,2026-07-23,lfx
Luigi,all,,,Aaron Schweig,aaronschweig,SAP,SAP,email-domain,15,0.03,,sap.com,SAP,1,2023-03-29,2023-03-29,lfx
Luigi,all,,,Viktor Sperling,,SAP,SAP,email-domain-name,15,0.03,,sap.com,,46,2021-10-05,2022-09-28,lfx
Luigi,all,,,ryan,ryanhs,Individual,Individual,individual,14,0.03,,gmail.com,,1,2020-12-23,2020-12-23,lfx
Luigi,all,,,Ionut,ionutcirja,Individual,Individual,individual,14,0.03,,gmail.com,,1,2020-10-13,2020-10-13,lfx
Luigi,all,,,Christian Geyer,,Individual,Individual,individual,14,0.03,,,,14,2023-11-06,2024-04-11,lfx
Luigi,all,,,vladm9800,vladm9800,Individual,Individual,individual,12,0.02,,mail.ru,,1,2024-02-13,2024-02-13,lfx
Luigi,all,,,Himanshu,,Individual,Individual,individual,11,0.02,,,,1,2021-10-22,2021-10-22,lfx
Luigi,all,,,allen,AllenFang,"ex-ShopBack, ex-Rakuten",ex-ShopBack ex-Rakuten,github-company,11,0.02,,hotmail.com,"ex-ShopBack, ex-Rakuten",1,2021-06-22,2021-06-22,lfx
Luigi,all,,,Rohan Sharma,RhnSharma,Individual,Individual,individual,11,0.02,,gmail.com,,1,2021-07-01,2021-07-01,lfx
Luigi,all,,,felix960799,felix960799,Individual,Individual,individual,11,0.02,,users.noreply.github.com,,1,2024-01-30,2024-01-30,lfx
Luigi,all,,,Daniel Paschke,paschdan,SAP,SAP,commit-search,10,0.02,,sap.com,SAP SE,1,2022-10-12,2022-10-12,lfx
Luigi,all,,,SomeKay,SomeKay,Poslek,Poslek,email-domain,10,0.02,,poslek.com,SAP,1,2021-12-09,2021-12-09,lfx
Luigi,all,,,Olga-Re,Olga-Re,Hybris,Hybris,email-domain,10,0.02,,hybris.com,,1,2020-01-30,2020-01-30,lfx
Luigi,all,,,Stanley Hsu,,SAP,SAP,email-domain-name,10,0.02,,sap.com,,48,2020-07-07,2022-08-22,lfx
Luigi,all,,,alrenik,alrenik,Individual,Individual,individual,10,0.02,,users.noreply.github.com,,1,2021-02-19,2021-02-19,lfx
Luigi,all,,,systemdesign42,systemdesign42,Individual,Individual,individual,10,0.02,,,,0,,,lfx
Luigi,all,,,Anna Milewska,,Individual,Individual,individual,10,0.02,,,,8,2024-05-17,2024-11-13,lfx
Luigi,all,,,Anna Milewska,,Individual,Individual,individual,10,0.02,,,,8,2024-05-17,2024-11-13,lfx
Luigi,all,,,Merlin Beutlberger,RandomByte,SAP,SAP,email-domain,9,0.02,,sap.com,SAP,1,2020-08-10,2020-08-10,lfx
Luigi,all,,,antiheld,antiheld,Snk Interactive,Snk Interactive,email-domain-name,9,0.02,,snk-interactive.de,,1,2018-11-28,2018-11-28,lfx
Luigi,all,,,dangrima90,dangrima90,Individual,Individual,individual,9,0.02,,users.noreply.github.com,,1,2020-09-30,2020-09-30,lfx
Luigi,all,,,Andrei Scripcaru,asmeeee,Andreiscripcaru,Individual,personal-domain,9,0.02,,andreiscripcaru.me,,1,2020-11-30,2020-11-30,lfx
Luigi,all,,,Małgorzata Świeca,mmitoraj,SAP,SAP,commit-search,9,0.02,,sap.com,SAP,1,2019-03-13,2019-03-13,lfx
Luigi,all,,,Ajay Chowdhury,itsajay1029,Individual,Individual,individual,9,0.02,,gmail.com,,1,2023-08-16,2023-08-16,lfx
Luigi,all,,,Zain Asif,zain-asif-dev,Individual,Individual,individual,9,0.02,,users.noreply.github.com,,1,2026-07-07,2026-07-07,lfx
Luigi,all,,,Sebastian Wolf,,SAP,SAP,email-domain-name,8,0.02,,sap.com,,6,2023-05-26,2025-05-08,lfx
Luigi,all,,,parostatkiem,parostatkiem,SAP,SAP,email-domain-name,8,0.02,,sap.com,PubNub,28,2018-09-25,2019-05-13,lfx
Luigi,all,,,looooown2006,looooown2006,Individual,Individual,individual,8,0.02,,users.noreply.github.com,,1,2026-05-13,2026-05-13,lfx
Luigi,all,,,swbannerman,swbannerman,Individual,Individual,individual,8,0.02,,gmail.com,,1,2022-09-12,2022-09-12,lfx
Luigi,all,,,Mahati Shankar,,Individual,Individual,individual,8,0.02,,,,7,2024-04-02,2024-11-05,lfx
Luigi,all,,,Mustafa Ateş Uzun,0o001,nullovy,nullovy,github-company,7,0.01,,gmail.com,nullovy,1,2023-08-21,2023-08-21,lfx
Luigi,all,,,Maja Szostok,majakurcius,SAP,SAP,commit-search,7,0.01,,sap.com,,0,,,lfx
Luigi,all,,,Ndricim Rrapi,,SAP,SAP,email-domain-name,7,0.01,,sap.com,,199,2019-12-12,2025-08-01,lfx
Luigi,all,,,Leidy Patricia Garzón Rodriguez,lpgarzonr,SAP,SAP,email-domain,7,0.01,,sap.com,SAP,1,2024-03-25,2024-03-25,lfx
Luigi,all,,,MichaelThomas0721,MichaelThomas0721,Individual,Individual,individual,7,0.01,,,,0,,,lfx
Luigi,all,,,tymnec,tymnec,Cluster,Cluster,email-domain-name,7,0.01,,node1.cluster.local,,1,2023-04-21,2023-04-21,lfx
Luigi,all,,,robertIsaac,,SAP,SAP,email-domain-name,7,0.01,,sap.com,,8,2025-05-22,2026-05-26,lfx
Luigi,all,,,Ewerton Rodrigues Jordão,ewertonjordao,Individual,Individual,individual,7,0.01,,,,0,,,lfx
Luigi,all,,,m.degiovanni,,Individual,Individual,individual,6,0.01,,,,0,,,lfx
Luigi,all,,,Waldemar Mazurek,,SAP,SAP,email-domain-name,6,0.01,,sap.com,,224,2024-05-17,2026-09-04,lfx
Luigi,all,,,c5346163,c5346163,SAP,SAP,commit-search,6,0.01,,sap.com,,0,,,lfx
Luigi,all,,,tomaioo,tomaioo,Individual,Individual,individual,6,0.01,,,,0,,,lfx
Luigi,all,,,luantaraschi,luantaraschi,Individual,Individual,individual,6,0.01,,users.noreply.github.com,,1,2026-08-17,2026-08-17,lfx
Luigi,all,,,Lorenzo-Pappalardo,Lorenzo-Pappalardo,Individual,Individual,individual,5,0.01,,,,0,,,lfx
Luigi,all,,,munikumar604,munikumar604,Individual,Individual,individual,4,0.01,,gmail.com,,1,2021-06-07,2021-06-07,lfx
Luigi,all,,,Artur,,SAP,SAP,same-person,4,0.01,,sap.com,,4,2018-09-05,2019-07-16,lfx
Luigi,all,,,Karolina Zydek,,SAP,SAP,email-domain-name,4,0.01,,sap.com,,2,2018-09-05,2018-10-04,lfx
Luigi,all,,,Barbara Szwarc,,SAP,SAP,email-domain-name,4,0.01,,sap.com,,4,2019-07-04,2019-10-10,lfx
Luigi,all,,,somabagyinszky7,,Individual,Individual,individual,4,0.01,,,,4,2023-05-25,2023-06-21,lfx
Luigi,all,,,Michael Picht,misappi,Ussenterprise,Ussenterprise,commit-search,4,0.01,,ussenterprise.de,,0,,,lfx
Luigi,all,,,Guilherme Dellagustin,dellagustin-sap,SAP,SAP,email-domain,3,0.01,,sap.com,,2,2024-06-18,2024-06-26,lfx
Luigi,all,,,Markus Kohler,kohlerm,Individual,Individual,individual,3,0.01,,gmail.com,,1,2020-04-08,2020-04-08,lfx
Luigi,all,,,Mike,itmilos,Individual,Individual,individual,3,0.01,,,,0,,,lfx
Luigi,all,,,David Polite,,SAP,SAP,email-domain-name,3,0.01,,sap.com,,3,2018-08-22,2018-09-19,lfx
Luigi,all,,,Jan Sudczak,,SAP,SAP,email-domain-name,3,0.01,,sap.com,,31,2018-09-25,2019-05-13,lfx
Luigi,all,,,vzipf,vzipf,SAP,SAP,email-domain,3,0.01,,sap.com,,1,2021-03-22,2021-03-22,lfx
Luigi,all,,,Peter Kurajsky,,SAP,SAP,same-person,2,0,,sap.com,,75,2018-08-09,2019-12-18,lfx
Luigi,all,,,petermuessig,petermuessig,SAP,SAP,commit-search,2,0,,sap.com,,0,,,lfx
Luigi,all,,,felix9607,felix9607,Individual,Individual,individual,2,0,,,,0,,,lfx
Luigi,all,,,Franciszek Pogodziński,franpog859,Polsl,Polsl,commit-search,2,0,,student.polsl.pl,,1,2018-10-18,2018-10-18,lfx
Luigi,all,,,Arkadiusz Galwas,akgalwas,SAP,SAP,commit-search,2,0,,sap.com,,0,,,lfx
Luigi,all,,,Klaudia Grzondziel,,Individual,Individual,individual,2,0,,,,1,2019-03-28,2019-03-28,lfx
Luigi,all,,,Brian Bernard,,SAP,SAP,email-domain-name,2,0,,sap.com,,2,2020-10-20,2020-10-20,lfx
Luigi,all,,,Aleksandra Simeonova,,SAP,SAP,email-domain-name,2,0,,sap.com,,148,2020-03-03,2023-12-07,lfx
Luigi,all,,,gkrajniak,gkrajniak,Individual,Individual,individual,2,0,,gmail.com,,0,,,lfx
Luigi,all,,,Jotrorox,,Jotrorox,Individual,personal-domain,2,0,,jotrorox.com,,4,2024-05-03,2024-05-21,lfx
Luigi,all,,,Jotrorox,,Jotrorox,Individual,personal-domain,2,0,,jotrorox.com,,4,2024-05-03,2024-05-21,lfx
Luigi,all,,,Luan Taraschi,,Individual,Individual,individual,2,0,,,,1,2026-08-17,2026-08-17,lfx
Luigi,all,,,Valentin Vieriu,valentinvieriu,SAP,SAP,commit-search,1,0,,sap.com,,0,,,lfx
Luigi,all,,,Franciszek Pogodziński,,Polsl,Polsl,same-person,1,0,,student.polsl.pl,,1,2018-10-18,2018-10-18,lfx
Luigi,all,,,Ralf Handl,ralfhandl,SAP,SAP,email-domain,1,0,,sap.com,,1,2024-09-10,2024-09-10,lfx
Luigi,all,,,Merlin Beutlberger,,SAP,SAP,email-domain-name,1,0,,sap.com,,1,2020-08-10,2020-08-10,lfx
Luigi,all,,,Henrik Bennin,littleamigo,Individual,Individual,individual,1,0,,,,0,,,lfx
Luigi,all,,,Markus Kohler,,Individual,Individual,individual,1,0,,,,1,2020-04-08,2020-04-08,lfx
Luigi,all,,,Damian Maring,,SAP,SAP,same-person,1,0,,sap.com,,1,2018-08-22,2018-08-22,lfx
Luigi,all,,,antiheld,,Snk Interactive,Snk Interactive,email-domain-name,1,0,,snk-interactive.de,,1,2018-11-28,2018-11-28,lfx
Luigi,all,,,Kyma Bot,,SAP,SAP,email-domain-name,1,0,,sap.com,,1,2018-07-24,2018-07-24,lfx
Luigi,all,,,GitHub Enterprise,,Individual,Individual,individual,1,0,,,,0,,,lfx
Luigi,all,,,Małgorzata Świeca,,SAP,SAP,same-person,1,0,,sap.com,,1,2019-03-13,2019-03-13,lfx
Luigi,all,,,Maja Kurcius,,Individual,Individual,individual,1,0,,,,0,,,lfx
Luigi,all,,,Andrei Scripcaru,,Andreiscripcaru,Individual,personal-domain,1,0,,andreiscripcaru.me,,1,2020-11-30,2020-11-30,lfx
Luigi,all,,,Daniel Grima,,Individual,Individual,individual,1,0,,,,1,2020-09-30,2020-09-30,lfx
Luigi,all,,,Olga-Re,,Hybris,Hybris,email-domain-name,1,0,,hybris.com,,1,2020-01-30,2020-01-30,lfx
Luigi,all,,,ryan hs,,Individual,Individual,individual,1,0,,,,1,2020-12-23,2020-12-23,lfx
Luigi,all,,,Kristian Poslek,,Poslek,Individual,personal-domain,1,0,,poslek.com,,1,2021-12-09,2021-12-09,lfx
Luigi,all,,,alrenik,,Individual,Individual,individual,1,0,,,,1,2021-02-19,2021-02-19,lfx
Luigi,all,,,Muni Kumar,,Individual,Individual,individual,1,0,,,,1,2021-06-07,2021-06-07,lfx
Luigi,all,,,alkann,alkann,Individual,Individual,individual,1,0,,,,0,,,lfx
Luigi,all,,,Valentin Zipf,,SAP,SAP,email-domain-name,1,0,,sap.com,,1,2021-03-22,2021-03-22,lfx
Luigi,all,,,swbannerman,,Individual,Individual,individual,1,0,,,,1,2022-09-12,2022-09-12,lfx
Luigi,all,,,Nikhil,,Cluster,Cluster,email-domain-name,1,0,,node1.cluster.local,,1,2023-04-21,2023-04-21,lfx
Luigi,all,,,robertIsaac,,SAP,SAP,email-domain-name,1,0,,sap.com,,8,2025-05-22,2026-05-26,lfx
Luigi,all,,,Christian Neu,,Individual,Individual,individual,1,0,,,,1,2023-11-28,2023-11-28,lfx
Luigi,all,,,MalteBellmann,MalteBellmann,Individual,Individual,individual,1,0,,,,0,,,lfx
Luigi,all,,,Uladzislau,,Individual,Individual,individual,1,0,,,,1,2024-02-13,2024-02-13,lfx
Luigi,all,,,felix960799,,Individual,Individual,individual,1,0,,,,1,2024-01-30,2024-01-30,lfx
Luigi,all,,,Leidy Patricia Garzon Rodriguez,,SAP,SAP,same-person,1,0,,sap.com,,1,2024-03-25,2024-03-25,lfx
Luigi,all,,,Simeng Wang,,Individual,Individual,individual,1,0,,,,1,2024-06-12,2024-06-12,lfx
Luigi,all,,,Vincent Öller,,Individual,Individual,individual,1,0,,,,0,,,lfx
Luigi,all,,,Sobyt483,Sobyt483,Individual,Individual,individual,1,0,,mail.ru,,0,,,lfx
Luigi,all,,,Zain Asif,,Individual,Individual,individual,1,0,,,,1,2026-07-07,2026-07-07,lfx
Luigi,all,,,Zain Asif,,Individual,Individual,individual,1,0,,,,1,2026-07-07,2026-07-07,lfx
Luigi,all,,,looooown,,Individual,Individual,individual,1,0,,,,1,2026-05-13,2026-05-13,lfx
Luigi,all,,,keenanjagdeep262-dotcom,keenanjagdeep262-dotcom,Individual,Individual,individual,1,0,,,,0,,,lfx
Luigi,all,,,addyjeridiq,,Individual,Individual,individual,1,0,,,,0,,,lfx
IronCore,all,,,Andreas Fritzler,afritzler,SAP,SAP,email-domain,16378,28,maintainer,sap.com,SAP @ironcore-dev @gardener,1183,2021-05-05,2026-09-10,lfx
IronCore,all,,,Lukas Frank,lukasfrank,SAP,SAP,email-domain,4597,7.86,maintainer,sap.com,,332,2022-05-09,2026-09-04,lfx
IronCore,all,,,Guvenc Gulce,guvenc,SAP,SAP,email-domain,3212,5.49,maintainer,sap.com,,600,2021-10-20,2025-12-09,lfx
IronCore,all,,,Hardik Dodiya,hardikdr,SAP,SAP,email-domain,2380,4.07,,sap.com,ironcore-dev @gardener @iitkanpur @sap @kubernetes,183,2022-11-28,2026-09-03,lfx
IronCore,all,,,Daniel Gonzalez,gonzolino,SAP,SAP,email-domain,2106,3.6,,sap.com,SAP,204,2025-09-04,2026-09-08,lfx
IronCore,all,,,Damyan Yordanov,damyan,SAP,SAP,email-domain,2046,3.5,,sap.com,SAP @IronCore,218,2022-06-02,2026-08-11,lfx
IronCore,all,,,Felix Kästner,felix-kaestner,SAP,SAP,email-domain,1974,3.37,,sap.com,SAP-cloud-infrastructure,473,2025-06-16,2026-09-03,lfx
IronCore,all,,,Guevenc Guelce,,Individual,Individual,individual,1856,3.17,,,,2,2026-07-24,2026-09-03,lfx
IronCore,all,,,Axel Christ,adracus,SAP,SAP,email-domain,1703,2.91,,sap.com,SAP,478,2021-09-01,2026-08-10,lfx
IronCore,all,,,PlagueCZ,PlagueCZ,Individual,Individual,individual,1546,2.64,,gmail.com,,612,2022-10-31,2026-06-23,lfx
IronCore,all,,,"Li, Tao",byteocean,SAP,SAP,email-domain,1274,2.18,,sap.com,,378,2022-02-08,2026-09-04,lfx
IronCore,all,,,nagadeesh-nagaraja,nagadeesh-nagaraja,SAP,SAP,email-domain,1036,1.77,,sap.com,SAP SE,64,2025-04-22,2026-08-13,lfx
IronCore,all,,,"Riegger, Felix",friegger,SAP,SAP,email-domain,940,1.61,,sap.com,SAP SE,94,2025-11-27,2026-09-10,lfx
IronCore,all,,,Erik Schubert,Nuckal777,SAP,SAP,email-domain,922,1.58,,sap.com,SAP,71,2024-07-18,2026-02-04,lfx
IronCore,all,,,Stefan Hipfel,stefanhipfel,SAP,SAP,email-domain,880,1.5,,sap.com,SAP SE,59,2024-08-05,2026-08-26,lfx
IronCore,all,,,Maximilian Moehl,maxmoehl,Moehl,Individual,personal-domain,749,1.28,maintainer,moehl.eu,SAP,85,2025-07-08,2026-08-27,lfx
IronCore,all,,,Dmitri Fedotov,defo89,SAP,SAP,email-domain,632,1.08,,sap.com,,83,2024-07-16,2026-05-28,lfx
IronCore,all,,,Jaromír Smrček,,Individual,Individual,individual,625,1.07,,,,612,2022-10-31,2026-06-23,lfx
IronCore,all,,,Felix Kästner,,SAP,SAP,email-domain-name,623,1.06,,sap.com,,473,2025-06-16,2026-09-03,lfx
IronCore,all,,,ushabelgur,ushabelgur,T-Systems,Deutsche Telekom,email-domain,578,0.99,,t-systems.com,T-Systems,106,2022-11-29,2026-08-18,lfx
IronCore,all,,,nikatza,nikatza,SAP,SAP,email-domain,576,0.98,,sap.com,SAP,78,2025-08-18,2026-09-02,lfx
IronCore,all,,,Rohit,Rohit-0505,T-Systems ICT India Pvt. Ltd,Deutsche Telekom,github-company,516,0.88,,gmail.com,T-Systems ICT India Pvt. Ltd,24,2022-02-15,2026-08-07,lfx
IronCore,all,,,Axel Christ,,SAP,SAP,email-domain-name,510,0.87,,sap.com,,478,2021-09-01,2026-08-10,lfx
IronCore,all,,,Sujeet Sujeet,sujeet01,T-Systems,Deutsche Telekom,github-company,488,0.83,,gmail.com,T-Systems,88,2022-03-21,2026-08-20,lfx
IronCore,all,,,Felix Kästner,,SAP,SAP,email-domain-name,479,0.82,,sap.com,,473,2025-06-16,2026-09-03,lfx
IronCore,all,,,xkonni,xkonni,SAP,SAP,email-domain,436,0.75,,sap.com,SAP,37,2025-11-03,2026-09-02,lfx
IronCore,all,,,Lukas Koszegy,lukas016,Telekom,Deutsche Telekom,commit-search,423,0.72,,telekom.com,,12,2023-07-31,2024-11-27,lfx
IronCore,all,,,kasabe28,kasabe28,T-Systems,Deutsche Telekom,email-domain,412,0.7,,t-systems.com,,58,2022-12-01,2026-06-25,lfx
IronCore,all,,,so-sahu,so-sahu,T-Systems,Deutsche Telekom,email-domain,399,0.68,,t-systems.com,,28,2023-02-28,2025-09-08,lfx
IronCore,all,,,Tao Li,,Individual,Individual,individual,387,0.66,,,,3,2025-09-30,2026-06-26,lfx
IronCore,all,,,Malte Janduda,MalteJ,Janduda,Individual,personal-domain,323,0.55,maintainer,janduda.net,SAP,147,2022-02-11,2025-12-16,lfx
IronCore,all,,,Lukas Frank,,SAP,SAP,email-domain-name,308,0.53,,sap.com,,332,2022-05-09,2026-09-04,lfx
IronCore,all,,,SzymonSAP,SzymonSAP,SAP,Individual,personal-domain,302,0.52,,sap.com,,35,2024-12-05,2025-07-07,lfx
IronCore,all,,,"LIN, CHIEN-AN",LimKianAn,Blockdaemon,Blockdaemon,commit-search,287,0.49,,blockdaemon.com,,16,2021-10-28,2022-03-14,lfx
IronCore,all,,,aiivashchenko,aiivashchenko,Individual,Individual,individual,270,0.46,,users.noreply.github.com,,72,2021-05-31,2022-10-05,lfx
IronCore,all,,,Daniel Gonzalez Nothnagel,dgdelahera,SAP,SAP,email-domain-name,227,0.39,,sap.com,playtomic,45,2026-06-01,2026-07-16,lfx
IronCore,all,,,Martin Kalcok,mkalcok,SAP,SAP,email-domain,217,0.37,,sap.com,Canonical,42,2026-03-12,2026-09-09,lfx
IronCore,all,,,Alexander Lais,peanball,SAP,SAP,email-domain,207,0.35,,sap.com,SAP,15,2026-01-19,2026-07-30,lfx
IronCore,all,,,Benjamin Michael Alpert,balpert89,T-Systems,Deutsche Telekom,email-domain,207,0.35,maintainer,t-systems.com,,25,2023-12-19,2025-07-31,lfx
IronCore,all,,,nikhilbarge,nikhilbarge,VMware,VMware,commit-search,193,0.33,,vmware.com,,78,2021-11-16,2022-06-13,lfx
IronCore,all,,,atd9876,atd9876,SAP,SAP,commit-search,182,0.31,,sap.com,,16,2026-03-13,2026-08-20,lfx
IronCore,all,,,Alan Sergeant,asergeant01,SAP,SAP,email-domain,172,0.29,,sap.com,,26,2025-10-10,2026-09-10,lfx
IronCore,all,,,Daniel Gonzalez,,SAP,SAP,same-person,164,0.28,,sap.com,,159,2025-09-04,2026-09-08,lfx
IronCore,all,,,Damyan Yordanov,,SAP,SAP,email-domain-name,163,0.28,,sap.com,,218,2022-06-02,2026-08-11,lfx
IronCore,all,,,Andrei Ivashchenko,,Gitlab,Gitlab,email-domain-name,159,0.27,,users.noreply.gitlab.com,,77,2021-05-31,2022-10-05,lfx
IronCore,all,,,Sebastian Wagner,swagner-de,SAP,SAP,email-domain,158,0.27,,sap.com,SAP-cloud-infrastructure,19,2025-12-03,2026-06-30,lfx
IronCore,all,,,Florin Peter,FlorinPeter,Florin Peter,Individual,personal-domain,155,0.26,maintainer,florin-peter.de,T-Systems,53,2022-10-17,2024-09-26,lfx
IronCore,all,,,vlorinc,vlorinc,T-Systems,Deutsche Telekom,email-domain,129,0.22,,t-systems.com,,76,2023-07-31,2025-03-19,lfx
IronCore,all,,,Vladimir Videlov,videlov,SAP,SAP,email-domain,122,0.21,,sap.com,SAP,7,2025-07-29,2026-01-21,lfx
IronCore,all,,,sven-rosenzweig,sven-rosenzweig,SAP,SAP,email-domain,114,0.19,,sap.com,,26,2025-10-01,2026-08-06,lfx
IronCore,all,,,nikhilbarge,,VMware,VMware,same-person,110,0.19,,vmware.com,,78,2021-11-16,2022-06-13,lfx
IronCore,all,,,Tao Li,,Individual,Individual,individual,109,0.19,,,,3,2025-09-30,2026-06-26,lfx
IronCore,all,,,Malte Janduda,,Janduda,Individual,personal-domain,104,0.18,,janduda.net,,148,2022-02-11,2025-12-16,lfx
IronCore,all,,,aobort,aobort,Telekom,Deutsche Telekom,commit-search,103,0.18,,telekom.com,,5,2023-07-28,2024-12-09,lfx
IronCore,all,,,Rohit,,T-Systems ICT India Pvt. Ltd,Deutsche Telekom,same-person,103,0.18,,gmail.com,,85,2022-03-17,2026-09-04,lfx
IronCore,all,,,Vincent Riesop,Vincinator,SAP,SAP,email-domain,100,0.17,,sap.com,gardener,12,2022-09-22,2023-07-11,lfx
IronCore,all,,,anton-paulovich,anton-paulovich,SAP,SAP,email-domain,95,0.16,,sap.com,,11,2026-02-09,2026-06-24,lfx
IronCore,all,,,Pujol,,SAP,SAP,email-domain-name,93,0.16,,sap.com,,66,2025-08-26,2026-09-02,lfx
IronCore,all,,,GrigoriyMikhalkin,GrigoriyMikhalkin,Individual,Individual,individual,91,0.16,,gmail.com,,12,2021-11-08,2022-02-17,lfx
IronCore,all,,,ushabelgur,,T-Systems,Deutsche Telekom,email-domain-name,90,0.15,,t-systems.com,,106,2022-11-29,2026-08-18,lfx
IronCore,all,,,Viliam Lorinc,,T-Systems,Deutsche Telekom,email-domain-name,87,0.15,,t-systems.com,,76,2023-07-31,2025-03-19,lfx
IronCore,all,,,Enric Pujol,,Individual,Individual,individual,87,0.15,,,,2,2026-07-24,2026-09-03,lfx
IronCore,all,,,Ivo Gosemann,ivogoman,SAP,SAP,commit-search,82,0.14,,sap.com,SAP SE,2,2026-07-24,2026-09-03,lfx
IronCore,all,,,Dmitri Fedotov,,SAP,SAP,email-domain-name,82,0.14,,sap.com,,83,2024-07-16,2026-05-28,lfx
IronCore,all,,,Nag,,SAP,SAP,email-domain-name,75,0.13,,sap.com,,64,2025-04-22,2026-08-13,lfx
IronCore,all,,,Stefan Hipfel,,SAP,SAP,email-domain-name,74,0.13,,sap.com,,59,2024-08-05,2026-08-26,lfx
IronCore,all,,,Ajinkya Patil,ajinkyapatil8190,SAP,SAP,email-domain,65,0.11,,sap.com,"SAP SE, Germany",12,2023-10-30,2025-10-13,lfx
IronCore,all,,,Ashu Kumar,Ashughorla,Calsoft pvt ltd,Calsoft,github-company,60,0.1,,gmail.com,Calsoft pvt ltd,10,2022-12-13,2023-11-28,lfx
IronCore,all,,,Robert Gildein,rgildein,Canonical,Canonical,commit-search,57,0.1,,canonical.com,,3,2026-08-10,2026-09-10,lfx
IronCore,all,,,weneghawi,weneghawi,SAP,SAP,commit-search,57,0.1,,sap.com,,2,2025-11-05,2026-07-02,lfx
IronCore,all,,,Martin Kalcok,,SAP,SAP,email-domain-name,54,0.09,,sap.com,,42,2026-03-12,2026-09-09,lfx
IronCore,all,,,Rohit Kumar,,Individual,Individual,individual,53,0.09,,,,24,2022-02-15,2026-08-07,lfx
IronCore,all,,,Florin Peter,,Florin Peter,Individual,personal-domain,52,0.09,,florin-peter.de,,53,2022-10-17,2024-09-26,lfx
IronCore,all,,,Kajol Asabe,,T-Systems,Deutsche Telekom,email-domain-name,52,0.09,,t-systems.com,,58,2022-12-01,2026-06-25,lfx
IronCore,all,,,davidgrun,davidgrun,SAP,SAP,github-company,52,0.09,,users.noreply.github.com,SAP,2,2026-01-15,2026-03-19,lfx
IronCore,all,,,LanDeleih,LanDeleih,Individual,Individual,individual,51,0.09,,protonmail.com,,3,2022-02-11,2023-08-17,lfx
IronCore,all,,,pradumnapandit,pradumnapandit,Individual,Individual,individual,51,0.09,,gmail.com,,2,2024-05-29,2024-08-14,lfx
IronCore,all,,,gehoern,gehoern,SAP,SAP,email-domain,41,0.07,maintainer,sap.com,,5,2022-11-02,2025-05-13,lfx
IronCore,all,,,chandrashitole87,chandrashitole87,T-Systems,Deutsche Telekom,email-domain,41,0.07,,t-systems.com,,4,2022-12-19,2023-03-22,lfx
IronCore,all,,,adamtrizuljak-sap,adamtrizuljak-sap,SAP,Individual,personal-domain,41,0.07,,sap.com,,2,2026-07-30,2026-08-03,lfx
IronCore,all,,,Stefan Catargiu,5kt,Individual,Individual,individual,39,0.07,,users.noreply.github.com,,8,2023-01-20,2025-10-24,lfx
IronCore,all,,,Igor Minin,,Individual,Individual,individual,38,0.06,,,,38,2021-05-05,2021-06-10,lfx
IronCore,all,,,SzymonSAP,,SAP,Individual,personal-domain,38,0.06,,sap.com,,35,2024-12-05,2025-07-07,lfx
IronCore,all,,,Sven Rosenzweig,,SAP,SAP,email-domain-name,38,0.06,,sap.com,,26,2025-10-01,2026-08-06,lfx
IronCore,all,,,aditya-dixit99,aditya-dixit99,T-Systems,Deutsche Telekom,commit-search,37,0.06,,t-systems.com,,2,2026-07-24,2026-09-03,lfx
IronCore,all,,,Alan Sergeant,,SAP,SAP,email-domain-name,37,0.06,,sap.com,,26,2025-10-10,2026-09-10,lfx
IronCore,all,,,Kapil Kumar,KapilYadava,Wipro,Wipro,github-company,36,0.06,,gmail.com,Wipro,9,2024-12-27,2025-06-04,lfx
IronCore,all,,,Konstantin Koslowski,,SAP,SAP,email-domain-name,36,0.06,,sap.com,,37,2025-11-03,2026-09-02,lfx
IronCore,all,,,elinalin,elinalin,SAP,SAP,email-domain,35,0.06,,sap.com,,4,2026-04-07,2026-07-06,lfx
IronCore,all,,,EvgeniaOrfeeva,EvgeniaOrfeeva,Individual,Individual,individual,33,0.06,,,,5,2021-07-21,2021-12-09,lfx
IronCore,all,,,Martin Kalcok,,SAP,SAP,email-domain-name,32,0.05,,sap.com,,42,2026-03-12,2026-09-09,lfx
IronCore,all,,,Matus Taraba,mTarabyte,SAP,SAP,email-domain,30,0.05,maintainer,sap.com,SAP,33,2025-06-06,2026-08-20,lfx
IronCore,all,,,Matus Taraba,,SAP,SAP,email-domain-name,30,0.05,,sap.com,,33,2025-06-06,2026-08-20,lfx
IronCore,all,,,Fabian Wiesel,fwiesel,SAP,SAP,email-domain,28,0.05,,sap.com,SAP SE,5,2025-06-10,2025-10-02,lfx
IronCore,all,,,Benjamin Alpert,,T-Systems,Deutsche Telekom,email-domain-name,28,0.05,,t-systems.com,,25,2023-12-19,2025-07-31,lfx
IronCore,all,,,Igor Minin,Igogrek,Individual,Individual,individual,27,0.05,,,,38,2021-05-05,2021-06-10,lfx
IronCore,all,,,Dmitry Volodin,dmvolod,Individual,Individual,individual,27,0.05,,gmail.com,,3,2021-09-15,2021-10-06,lfx
IronCore,all,,,Sourav Sohan Sahu,,Individual,Individual,individual,25,0.04,,,,25,2023-12-14,2025-09-08,lfx
IronCore,all,,,Sebastian Wagner,,SAP,SAP,email-domain-name,24,0.04,,sap.com,,19,2025-12-03,2026-06-30,lfx
IronCore,all,,,Rafael Franzke,rfranzke,SAP,SAP,email-domain,23,0.04,,sap.com,SAP,3,2023-06-16,2025-12-01,lfx
IronCore,all,,,truptikat88,truptikat88,Individual,Individual,individual,23,0.04,,users.noreply.github.com,,2,2023-12-19,2024-01-17,lfx
IronCore,all,,,wknapek,wknapek,Individual,Individual,individual,23,0.04,,gmail.com,,1,2026-03-11,2026-03-11,lfx
IronCore,all,,,Konstantin Koslowski,,SAP,SAP,email-domain-name,23,0.04,,sap.com,,37,2025-11-03,2026-09-02,lfx
IronCore,all,,,Sven Rosenzweig,,SAP,SAP,email-domain-name,19,0.03,,sap.com,,26,2025-10-01,2026-08-06,lfx
IronCore,all,,,valeryia-hurynovich,valeryia-hurynovich,SAP,SAP,email-domain,19,0.03,,sap.com,,3,2026-04-27,2026-05-27,lfx
IronCore,all,,,tetff,tetff,Individual,Individual,individual,18,0.03,,users.noreply.github.com,,1,2022-01-13,2022-01-13,lfx
IronCore,all,,,Marian Schwarz,SchwarzM,SAP,SAP,commit-search,17,0.03,,sap.com,sapcc,0,,,lfx
IronCore,all,,,Stefan Hipfel,,SAP,SAP,email-domain-name,17,0.03,,sap.com,,59,2024-08-05,2026-08-26,lfx
IronCore,all,,,Sebastian Wagner,,SAP,SAP,email-domain-name,17,0.03,,sap.com,,19,2025-12-03,2026-06-30,lfx
IronCore,all,,,Charleen Klang,charleenklang,Individual,Individual,individual,16,0.03,,hotmail.de,,7,2021-06-29,2021-07-08,lfx
IronCore,all,,,Sachin Tiptur,,SAP,SAP,email-domain-name,16,0.03,,sap.com,,16,2021-11-22,2022-02-17,lfx
IronCore,all,,,Tristan Scheidemann,CowFreedom,SAP,SAP,email-domain,16,0.03,,sap.com,,7,2025-02-19,2025-07-03,lfx
IronCore,all,,,Andrew Dodds,,Individual,Individual,individual,16,0.03,,,,16,2026-03-13,2026-08-20,lfx
IronCore,all,,,Lukáš Koszegy,,Telekom,Deutsche Telekom,same-person,15,0.03,,telekom.com,,12,2023-07-31,2024-11-27,lfx
IronCore,all,,,Anton Paulovich,,SAP,SAP,email-domain-name,15,0.03,,sap.com,,11,2026-02-09,2026-06-24,lfx
IronCore,all,,,Simon Tesar,simt2,Simontesar,Individual,personal-domain,14,0.02,,simontesar.com,,2,2026-07-15,2026-07-21,lfx
IronCore,all,,,Luca Bernstein,LucaBernstein,SAP,SAP,email-domain,14,0.02,,sap.com,SAP @gardener,5,2024-10-14,2025-07-24,lfx
IronCore,all,,,Parasyris Nikolaos,nikParasyr,Nikparasyr,Nikparasyr,email-domain,14,0.02,,nikparasyr.com,SURF,4,2026-05-11,2026-08-03,lfx
IronCore,all,,,Tim Ebert,timebertt,SAP,SAP,commit-search,14,0.02,,sap.com,stackitcloud,2,2024-04-24,2025-11-21,lfx
IronCore,all,,,Sachin Tiptur,sachintiptur,SAP,SAP,email-domain-name,14,0.02,,sap.com,,16,2021-11-22,2022-02-17,lfx
IronCore,all,,,johamster,johamster,SAP,SAP,email-domain,14,0.02,,sap.com,,2,2026-08-18,2026-08-18,lfx
IronCore,all,,,Andrew Dodds,,Individual,Individual,individual,14,0.02,,,,16,2026-03-13,2026-08-20,lfx
IronCore,all,,,nkraetzschmar,nkraetzschmar,SAP,SAP,github-company,13,0.02,,users.noreply.github.com,SAP,2,2022-06-28,2024-10-01,lfx
IronCore,all,,,Andreas Fritzler,,SAP,SAP,email-domain-name,13,0.02,,sap.com,,1183,2021-05-05,2026-09-10,lfx
IronCore,all,,,Kajol Asabe,,T-Systems,Deutsche Telekom,email-domain-name,13,0.02,,t-systems.com,,58,2022-12-01,2026-06-25,lfx
IronCore,all,,,Ashu Kumar,,Calsoft pvt ltd,Calsoft,same-person,12,0.02,,gmail.com,,10,2022-12-13,2023-11-28,lfx
IronCore,all,,,Georgi Chulkov,Gchbg,SAP,SAP,email-domain,11,0.02,,sap.com,,2,2024-03-01,2024-04-11,lfx
IronCore,all,,,Uwe Krueger,mandelsoft,SAP,SAP,email-domain,11,0.02,,sap.com,,1,2021-08-09,2021-08-09,lfx
IronCore,all,,,Rico Gu,ricogu,SAP,SAP,commit-search,11,0.02,,sap.com,SAP SE,1,2026-06-11,2026-06-11,lfx
IronCore,all,,,Giluerre,Giluerre,Outlook,Outlook,commit-search,11,0.02,,outlook.sk,,3,2026-03-17,2026-04-29,lfx
IronCore,all,,,Nik Voss,trevex,Individual,Individual,individual,10,0.02,,,,0,,,lfx
IronCore,all,,,Artem Torubarov,arttor,Clyso,Clyso,commit-search,10,0.02,,clyso.com,clyso,2,2021-12-16,2021-12-17,lfx
IronCore,all,,,Daniel Poelzleithner,poelzi,Poelzi,Poelzi,commit-search,9,0.02,,poelzi.org,tix.im,0,,,lfx
IronCore,all,,,Hsiu-Chi “蔡秀吉”,thc1006,Linux,Linux,commit-search,9,0.02,,linux.com,"Taipei City Hospital, Yangming Branch",1,2026-09-03,2026-09-03,lfx
IronCore,all,,,Christian Bendieck,nitrocb,Individual,Individual,individual,9,0.02,,users.noreply.github.com,,2,2024-09-10,2024-09-17,lfx
IronCore,all,,,Martin Weindel,MartinWeindel,SAP,SAP,email-domain,8,0.01,,sap.com,SAP,3,2025-05-12,2025-07-18,lfx
IronCore,all,,,Johannes Scheerer,ScheererJ,SAP,SAP,email-domain,8,0.01,,sap.com,SAP SE,2,2025-02-27,2025-04-08,lfx
IronCore,all,,,Tobias Anker,kitsudaiki,Kitsunemimi,Kitsunemimi,commit-search,8,0.01,,kitsunemimi.moe,,0,,,lfx
IronCore,all,,,EvgeniaOrfeeva,,Individual,Individual,individual,8,0.01,,,,5,2021-07-21,2021-12-09,lfx
IronCore,all,,,kkumar,,Individual,Individual,individual,8,0.01,,,,2,2026-07-24,2026-09-03,lfx
IronCore,all,,,Stefan Catargiu,,Individual,Individual,individual,8,0.01,,,,8,2023-01-20,2025-10-24,lfx
IronCore,all,,,Tristan Scheidemann,,SAP,SAP,email-domain-name,8,0.01,,sap.com,,7,2025-02-19,2025-07-03,lfx
IronCore,all,,,Vladimir Nachev,vpnachev,SAP,SAP,email-domain,7,0.01,,sap.com,,1,2025-10-31,2025-10-31,lfx
IronCore,all,,,DivyaD211093,DivyaD211093,Individual,Individual,individual,7,0.01,,,,2,2026-07-24,2026-09-03,lfx
IronCore,all,,,Matus Taraba,,SAP,SAP,email-domain-name,7,0.01,,sap.com,,33,2025-06-06,2026-08-20,lfx
IronCore,all,,,maxmsap,maxmsap,Individual,Individual,individual,7,0.01,,,,2,2026-07-24,2026-09-03,lfx
IronCore,all,,,Tao Li,,Individual,Individual,individual,6,0.01,,,,3,2025-09-30,2026-06-26,lfx
IronCore,all,,,Daniel Beres,,Individual,Individual,individual,6,0.01,,,,2,2026-07-24,2026-09-03,lfx
IronCore,all,,,markus-hentsch,markus-hentsch,Cloudandheat,Cloudandheat,commit-search,6,0.01,,cloudandheat.com,Cloud&Heat Technologies GmbH,2,2026-08-26,2026-09-08,lfx
IronCore,all,,,Guvenc Gulce,,SAP,SAP,email-domain-name,6,0.01,,sap.com,,601,2021-10-20,2026-08-01,lfx
IronCore,all,,,Brian Topping,briantopping,SAP,SAP,commit-search,5,0.01,,sap.com,,1,2025-12-09,2025-12-09,lfx
IronCore,all,,,Danny,Moep90,Individual,Individual,individual,5,0.01,,googlemail.com,,1,2026-05-06,2026-05-06,lfx
IronCore,all,,,Nagadeesh Nagaraja,,SAP,SAP,same-person,5,0.01,,sap.com,,2,2026-07-24,2026-09-03,lfx
IronCore,all,,,Fabian Wiesel,,SAP,SAP,email-domain-name,5,0.01,,sap.com,,5,2025-06-10,2025-10-02,lfx
IronCore,all,,,nikParasyr,,Individual,Individual,individual,5,0.01,,,,2,2026-07-24,2026-09-03,lfx
IronCore,all,,,Artem Bortnikov,BROngineer,Individual,Individual,individual,5,0.01,,,,5,2023-07-28,2024-12-09,lfx
IronCore,all,,,charleen-klang,charleen-klang,Individual,Individual,individual,5,0.01,,,,7,2021-06-29,2021-07-08,lfx
IronCore,all,,,Andrei Ivashchenko,,Gitlab,Gitlab,email-domain-name,5,0.01,,users.noreply.gitlab.com,,77,2021-05-31,2022-10-05,lfx
IronCore,all,,,Andrew,,Individual,Individual,individual,5,0.01,,,,5,2022-01-26,2023-08-17,lfx
IronCore,all,,,Andre Russ,,SAP,SAP,email-domain-name,5,0.01,,sap.com,,5,2022-11-02,2025-05-13,lfx
IronCore,all,,,Artem Bortnikov,,Individual,Individual,individual,5,0.01,,,,5,2023-07-28,2024-12-09,lfx
IronCore,all,,,Valeryia Hurynovich,,SAP,SAP,email-domain-name,5,0.01,,sap.com,,3,2026-04-27,2026-05-27,lfx
IronCore,all,,,Minmin Lin,,SAP,SAP,email-domain-name,5,0.01,,sap.com,,4,2026-04-07,2026-07-06,lfx
IronCore,all,,,haze53,haze53,Individual,Individual,individual,5,0.01,,users.noreply.github.com,,2,2026-05-11,2026-05-13,lfx
IronCore,all,,,Pooja-Sangle,Pooja-Sangle,SAP,SAP,commit-search,5,0.01,,sap.com,,1,2026-09-04,2026-09-04,lfx
IronCore,all,,,SamiraBriongos,SamiraBriongos,Individual,Individual,individual,5,0.01,,,,2,2026-07-10,2026-08-27,lfx
IronCore,all,,,Chandrashekhar,,T-Systems,Deutsche Telekom,email-domain-name,4,0.01,,t-systems.com,,4,2022-12-19,2023-03-22,lfx
IronCore,all,,,nikhil,,Cluster,Cluster,email-domain-name,4,0.01,,node1.cluster.local,,2,2022-03-17,2022-04-07,lfx
IronCore,all,,,Sean McGinnis,stmcginnis,Huawei,Huawei,commit-search,4,0.01,,huawei.com,Lambda Inc.,1,2026-02-19,2026-02-19,lfx
IronCore,all,,,Tobias Jungel,toanju,Individual,Individual,individual,4,0.01,,users.noreply.github.com,,1,2026-04-01,2026-04-01,lfx
IronCore,all,,,Christian Hüning,christianhuening,Opendefense,Opendefense,commit-search,4,0.01,,opendefense.cloud,,1,2025-07-31,2025-07-31,lfx
IronCore,all,,,Adam Trizuljak,,Individual,Individual,individual,4,0.01,,,,2,2026-07-24,2026-09-03,lfx
IronCore,all,,,Manuel Stößel,ManuStoessel,Stoessel,Stoessel,commit-search,4,0.01,,stoessel.dev,,2,2026-07-24,2026-09-03,lfx
IronCore,all,,,Artem,,Individual,Individual,individual,4,0.01,,,,2,2026-07-24,2026-09-03,lfx
IronCore,all,,,Rohit,,T-Systems ICT India Pvt. Ltd,Deutsche Telekom,same-person,4,0.01,,gmail.com,,85,2022-03-17,2026-09-04,lfx
IronCore,all,,,patrik.cmil,KirrTap,Tuke,Tuke,commit-search,4,0.01,,student.tuke.sk,,2,2026-07-24,2026-09-03,lfx
IronCore,all,,,Aysenur A.,A-AKPINAR,Individual,Individual,individual,4,0.01,,,,0,,,lfx
IronCore,all,,,Elias Hasenkampf,,Individual,Individual,individual,4,0.01,,,,2,2026-05-11,2026-05-13,lfx
IronCore,all,,,Robert Gildein,,Canonical,Canonical,same-person,4,0.01,,canonical.com,,3,2026-08-10,2026-09-10,lfx
IronCore,all,,,shyamtss,shyamtss,SAP,SAP,commit-search,4,0.01,,sap.com,,2,2026-07-24,2026-09-03,lfx
IronCore,all,,,Martin Weindel,,SAP,SAP,email-domain-name,3,0.01,,sap.com,,3,2025-05-12,2025-07-18,lfx
IronCore,all,,,Stefan Majewsky,majewsky,SAP,SAP,commit-search,3,0.01,,sap.com,,2,2026-07-24,2026-09-03,lfx
IronCore,all,,,cdpb,cdpb,Individual,Individual,individual,3,0.01,,users.noreply.github.com,,1,2025-03-31,2025-03-31,lfx
IronCore,all,,,Vasu Chandrasekhara,vasu1124,Actvirtual,Actvirtual,email-domain,3,0.01,,actvirtual.com,SAP,1,2025-05-09,2025-05-09,lfx
IronCore,all,,,👨‍💻,PhilippMatthes,Tu Dresden,Tu Dresden,commit-search,3,0.01,,tu-dresden.de,,2,2026-07-24,2026-09-03,lfx
IronCore,all,,,Miroslav Soha,msoha,Individual,Individual,individual,3,0.01,,,,2,2026-07-24,2026-09-03,lfx
IronCore,all,,,Giluerre,,Outlook,Outlook,same-person,3,0.01,,outlook.sk,,3,2026-03-17,2026-04-29,lfx
IronCore,all,,,Greenpepper15,Greenpepper15,Individual,Individual,individual,3,0.01,,,,0,,,lfx
IronCore,all,,,Christian Schupfner,schucly,Clyso,Clyso,github-company,3,0.01,,users.noreply.github.com,Clyso,1,2022-11-11,2022-11-11,lfx
IronCore,all,,,Vasilev Andrew,,Individual,Individual,individual,3,0.01,,,,3,2022-02-11,2023-08-17,lfx
IronCore,all,,,so-sahu,,T-Systems,Deutsche Telekom,email-domain-name,3,0.01,,t-systems.com,,3,2023-02-28,2023-03-03,lfx
IronCore,all,,,iddpd,iddpd,SAP,SAP,commit-search,3,0.01,,sap.com,,1,2026-07-24,2026-07-24,lfx
IronCore,all,,,Luca Michele Bernstein,,Individual,Individual,individual,3,0.01,,,,2,2026-07-24,2026-09-03,lfx
IronCore,all,,,goerangudat,goerangudat,SAP,SAP,commit-search,3,0.01,,sap.com,,2,2026-07-24,2026-09-03,lfx
IronCore,all,,,SamiraBriongos,,Individual,Individual,individual,3,0.01,,,,2,2026-07-10,2026-08-27,lfx
IronCore,all,,,avijitkulkarni,avijitkulkarni,Individual,Individual,individual,3,0.01,,,,2,2026-07-24,2026-09-03,lfx
IronCore,all,,,Markus Hentsch,,Cloudandheat,Cloudandheat,same-person,3,0.01,,cloudandheat.com,,2,2026-08-26,2026-09-08,lfx
IronCore,all,,,shyamsundart14,shyamsundart14,Individual,Individual,individual,3,0.01,,,,2,2026-07-24,2026-09-03,lfx
IronCore,all,,,Robert Gildein,,Canonical,Canonical,same-person,3,0.01,,canonical.com,,3,2026-08-10,2026-09-10,lfx
IronCore,all,,,kayrus,kayrus,Individual,Individual,individual,2,0,,users.noreply.github.com,,1,2023-01-13,2023-01-13,lfx
IronCore,all,,,Marek Szalik,m-szalik,Jsoftware,Jsoftware,commit-search,2,0,,jsoftware.org,,1,2025-09-30,2025-09-30,lfx
IronCore,all,,,Sandro Jäckel,SuperSandro2000,SAP,SAP,commit-search,2,0,,sap.com,"NixOS, @sapcc, @c3d2",0,,,lfx
IronCore,all,,,Georgi Chulkov,,SAP,SAP,email-domain-name,2,0,,sap.com,,2,2024-03-01,2024-04-11,lfx
IronCore,all,,,yahor-kurachkin,,SAP,SAP,email-domain-name,2,0,,sap.com,,1,2026-08-04,2026-08-04,lfx
IronCore,all,,,Alisa Sireneva,purplesyringa,Purplesyringa,Purplesyringa,commit-search,2,0,,purplesyringa.moe,,0,,,lfx
IronCore,all,,,Danny,,Individual,Individual,individual,2,0,,,,2,2026-07-24,2026-09-03,lfx
IronCore,all,,,Philipp Heil,zkdev,Zeekay,Zeekay,email-domain,2,0,,zeekay.dev,SAP @Gardener,0,,,lfx
IronCore,all,,,Igor Minin,,Individual,Individual,individual,2,0,,,,38,2021-05-05,2021-06-10,lfx
IronCore,all,,,Stefan Catargiu,,Individual,Individual,individual,2,0,,,,8,2023-01-20,2025-10-24,lfx
IronCore,all,,,charleen-klang,,Individual,Individual,individual,2,0,,,,7,2021-06-29,2021-07-08,lfx
IronCore,all,,,Trupti Katkar,,Individual,Individual,individual,2,0,,,,2,2023-12-19,2024-01-17,lfx
IronCore,all,,,Sai Asish Yamani,SAY-5,Individual,Individual,individual,2,0,,,,2,2026-07-24,2026-09-03,lfx
IronCore,all,,,Christian Bendieck,,Individual,Individual,individual,2,0,,,,2,2024-09-10,2024-09-17,lfx
IronCore,all,,,avijitkulkarni30,avijitkulkarni30,Individual,Individual,individual,2,0,,,,2,2026-07-24,2026-09-03,lfx
IronCore,all,,,Pradumna Panditrao,,Individual,Individual,individual,2,0,,,,2,2024-05-29,2024-08-14,lfx
IronCore,all,,,NiclasMoldenhauer,NiclasMoldenhauer,Individual,Individual,individual,2,0,,,,1,2025-09-17,2025-09-17,lfx
IronCore,all,,,Elie,,Individual,Individual,individual,2,0,,,,2,2025-11-05,2026-07-02,lfx
IronCore,all,,,tobiasb-dell,tobiasb-dell,Dell,Individual,personal-domain,2,0,,dell.com,Dell Technologies,1,2026-01-20,2026-01-20,lfx
IronCore,all,,,Alan Sergeant,,SAP,SAP,email-domain-name,2,0,,sap.com,,26,2025-10-10,2026-09-10,lfx
IronCore,all,,,davidgrun,,SAP,SAP,same-person,2,0,,users.noreply.github.com,,2,2026-01-15,2026-03-19,lfx
IronCore,all,,,Elias Hasenkampf,,Individual,Individual,individual,2,0,,,,2,2026-05-11,2026-05-13,lfx
IronCore,all,,,phil-s-taylor,phil-s-taylor,Individual,Individual,individual,2,0,,,,0,,,lfx
IronCore,all,,,Bronislav Milka,,Esten,Esten,email-domain-name,2,0,,esten.sk,,2,2025-09-24,2025-09-24,lfx
IronCore,all,,,i521907,,Individual,Individual,individual,2,0,,,,2,2026-07-24,2026-09-03,lfx
IronCore,all,,,mast-wch,mast-wch,Individual,Individual,individual,2,0,,,,2,2026-07-24,2026-09-03,lfx
IronCore,all,,,yahor-kurachkin,yahor-kurachkin,SAP,SAP,email-domain,2,0,,sap.com,,1,2026-08-04,2026-08-04,lfx
IronCore,all,,,Jonas Schäfer,horazont,Sotecware,Sotecware,commit-search,1,0,,sotecware.net,CloudAndHeat,0,,,lfx
IronCore,all,,,sandzwerg,sandzwerg,SAP,SAP,commit-search,1,0,,sap.com,,0,,,lfx
IronCore,all,,,Johannes Kulik,joker-at-work,SAP,SAP,commit-search,1,0,,sap.com,,2,2026-07-24,2026-09-03,lfx
IronCore,all,,,kayrus,,Individual,Individual,individual,1,0,,,,1,2023-01-13,2023-01-13,lfx
IronCore,all,,,Pooja-Sangle,,SAP,SAP,same-person,1,0,,sap.com,,1,2026-09-04,2026-09-04,lfx
IronCore,all,,,Pooja Sangle,,SAP,SAP,same-person,1,0,,sap.com,,1,2026-09-04,2026-09-04,lfx
IronCore,all,,,Евгени Димитров,,Tu Dresden,Tu Dresden,same-person,1,0,,tu-dresden.de,,2,2026-07-24,2026-09-03,lfx
IronCore,all,,,Evgeni Dimitrov,,Individual,Individual,individual,1,0,,,,2,2026-07-24,2026-09-03,lfx
IronCore,all,,,Markus Hentsch,,Cloudandheat,Cloudandheat,same-person,1,0,,cloudandheat.com,,2,2026-08-26,2026-09-08,lfx
IronCore,all,,,Christian Hüning,,Opendefense,Opendefense,same-person,1,0,,opendefense.cloud,,1,2025-07-31,2025-07-31,lfx
IronCore,all,,,EvgeniaOrfeeva,,Individual,Individual,individual,1,0,,,,5,2021-07-21,2021-12-09,lfx
IronCore,all,,,Christian Schupfner,,Clyso,Clyso,same-person,1,0,,users.noreply.github.com,,1,2022-11-11,2022-11-11,lfx
IronCore,all,,,nkraetzschmar,,SAP,SAP,same-person,1,0,,users.noreply.github.com,,2,2022-06-28,2024-10-01,lfx
IronCore,all,,,onmetalbot,onmetalbot,Individual,Individual,individual,1,0,,,,2,2026-07-24,2026-09-03,lfx
IronCore,all,,,Florin Peter,,Florin Peter,Individual,personal-domain,1,0,,florin-peter.de,,53,2022-10-17,2024-09-26,lfx
IronCore,all,,,Christian Hüning,,Opendefense,Opendefense,same-person,1,0,,opendefense.cloud,,1,2025-07-31,2025-07-31,lfx
IronCore,all,,,Tóth Máté,,Individual,Individual,individual,1,0,,,,1,2022-01-13,2022-01-13,lfx
IronCore,all,,,Sujeet,,Individual,Individual,individual,1,0,,,,88,2022-03-21,2026-08-20,lfx
IronCore,all,,,Rohit Kumar,,Individual,Individual,individual,1,0,,,,24,2022-02-15,2026-08-07,lfx
IronCore,all,,,Yuanxun Gu,,Individual,Individual,individual,1,0,,,,2,2026-07-24,2026-09-03,lfx
IronCore,all,,,Andreas Fritzler,,SAP,SAP,email-domain-name,1,0,,sap.com,,1183,2021-05-05,2026-09-10,lfx
IronCore,all,,,rhalina,rhalina,SAP,SAP,commit-search,1,0,,sap.com,,0,,,lfx
IronCore,all,,,Luca Bernstein,,SAP,SAP,email-domain-name,1,0,,sap.com,,5,2024-10-14,2025-07-24,lfx
IronCore,all,,,Malte Janduda,,Janduda,Individual,personal-domain,1,0,,janduda.net,,148,2022-02-11,2025-12-16,lfx
IronCore,all,,,Roncossek,Roncossek,SAP,SAP,commit-search,1,0,,sap.com,,2,2026-07-24,2026-09-03,lfx
IronCore,all,,,nkraetzschmar,,SAP,SAP,same-person,1,0,,users.noreply.github.com,,2,2022-06-28,2024-10-01,lfx
IronCore,all,,,Tobias Jungel,,Individual,Individual,individual,1,0,,,,1,2026-04-01,2026-04-01,lfx
IronCore,all,,,Marek Gruszecki,,Individual,Individual,individual,1,0,,,,2,2026-07-24,2026-09-03,lfx
IronCore,all,,,Marek Szalik,,Jsoftware,Jsoftware,same-person,1,0,,jsoftware.org,,1,2025-09-30,2025-09-30,lfx
IronCore,all,,,bmilka,bmilka,Individual,Individual,individual,1,0,,,,2,2026-07-24,2026-09-03,lfx
IronCore,all,,,cdpb,,Individual,Individual,individual,1,0,,,,1,2025-03-31,2025-03-31,lfx
IronCore,all,,,Philipp,,Individual,Individual,individual,1,0,,,,1,2025-09-17,2025-09-17,lfx
IronCore,all,,,Tobias Jungel,,Individual,Individual,individual,1,0,,,,1,2026-04-01,2026-04-01,lfx
IronCore,all,,,Tobias Bischoff,,Individual,Individual,individual,1,0,,,,1,2026-01-20,2026-01-20,lfx
IronCore,all,,,Tobias Bischoff,,Individual,Individual,individual,1,0,,,,1,2026-01-20,2026-01-20,lfx
IronCore,all,,,witek,,Individual,Individual,individual,1,0,,,,1,2026-03-11,2026-03-11,lfx
IronCore,all,,,NiclasMoldenhauer,,Individual,Individual,individual,1,0,,,,1,2025-09-17,2025-09-17,lfx
IronCore,all,,,Samira Briongos,,Individual,Individual,individual,1,0,,,,2,2026-07-10,2026-08-27,lfx
IronCore,all,,,brsmnv,brsmnv,Individual,Individual,individual,1,0,,proton.me,,0,,,lfx
IronCore,all,,,oberlademeister,oberlademeister,Fuessler,Fuessler,commit-search,1,0,,fuessler.eu,,2,2026-07-24,2026-09-03,lfx
Open Component Model,all,,,Jakob Möller,jakobmoellerdev,SAP,SAP,email-domain,9205,17.1,,sap.com,SAP SE,559,2024-09-11,2026-09-07,lfx
Open Component Model,all,,,Gerald Morrison,morri-son,SAP,SAP,github-company,5268,9.79,,users.noreply.github.com,SAP,465,2023-04-28,2026-08-20,lfx
Open Component Model,all,,,Gergely,Skarlso,SAP,SAP,email-domain,5056,9.39,,sap.com,Kubermatic,170,2025-08-12,2026-09-10,lfx
Open Component Model,all,,,Frederic Wilhelm,frewilhelm,SAP,SAP,email-domain,5015,9.32,,sap.com,SAP SE,240,2024-07-19,2026-09-09,lfx
Open Component Model,all,,,matthiasbruns,matthiasbruns,Matthiasbruns,Individual,personal-domain,3801,7.06,,matthiasbruns.com,Matthias Bruns,160,2025-08-13,2026-09-10,lfx
Open Component Model,all,,,Hilmar Falkenberg,hilmarf,SAP,SAP,email-domain,3331,6.19,,sap.com,,108,2024-02-09,2025-08-08,lfx
Open Component Model,all,,,Uwe Krueger,mandelsoft,SAP,SAP,email-domain,3076,5.71,,sap.com,,488,2022-01-12,2025-09-04,lfx
Open Component Model,all,,,Fabian Burth,fabianburth,SAP,SAP,email-domain,2890,5.37,,sap.com,SAP,206,2023-04-07,2026-08-25,lfx
Open Component Model,all,,,Philipp Heil,zkdev,Zeekay,Zeekay,email-domain,2391,4.44,,zeekay.dev,SAP @Gardener,408,2022-12-14,2026-07-16,lfx
Open Component Model,all,,,Jonas Brand,8R0WNI3,SAP,SAP,email-domain,2305,4.28,maintainer,sap.com,SAP,979,2024-04-04,2026-05-07,lfx
Open Component Model,all,,,Gerald Morrison,morrison-sap,SAP,SAP,email-domain,919,1.71,,sap.com,sap,9,2023-07-07,2024-06-24,lfx
Open Component Model,all,,,Jonas Brand (8R0WNI3),,SAP,SAP,email-domain-name,915,1.7,,sap.com,,979,2024-04-04,2026-05-07,lfx
Open Component Model,all,,,Piotr Janik,piotrjanik,SAP,SAP,email-domain,876,1.63,,sap.com,,52,2025-09-16,2026-09-03,lfx
Open Component Model,all,,,jneisener,jneisener,Neisener,Individual,personal-domain,664,1.23,,neisener.de,SAP,43,2026-05-28,2026-09-09,lfx
Open Component Model,all,,,Jonas Brand,,SAP,SAP,same-person,650,1.21,,sap.com,,116,2025-03-10,2026-09-04,lfx
Open Component Model,all,,,Christian Cwienk,ccwienk,SAP,SAP,email-domain,589,1.09,,sap.com,SAP,61,2023-01-16,2025-06-23,lfx
Open Component Model,all,,,Piaras Hoban,phoban01,Individual,Individual,individual,580,1.08,,gmail.com,,118,2022-08-16,2023-12-13,lfx
Open Component Model,all,,,Gerald Morrison,,SAP,SAP,same-person,574,1.07,,users.noreply.github.com,,472,2023-04-28,2026-08-20,lfx
Open Component Model,all,,,Frederic Wilhelm,,SAP,SAP,email-domain-name,478,0.89,,sap.com,,240,2024-07-19,2026-09-09,lfx
Open Component Model,all,,,ikhandamirov,ikhandamirov,SAP,SAP,commit-search,404,0.75,,sap.com,,28,2024-03-12,2025-10-31,lfx
Open Component Model,all,,,Jonas Brand (8R0WNI3),,SAP,SAP,email-domain-name,400,0.74,,sap.com,,979,2024-04-04,2026-05-07,lfx
Open Component Model,all,,,Tuan,TuanAnh17N,SAP,SAP,github-company,390,0.72,,gmx.de,SAP,96,2024-07-12,2026-03-04,lfx
Open Component Model,all,,,Jens,jensh007,SAP,SAP,email-domain,364,0.68,,sap.com,,46,2022-08-23,2023-11-06,lfx
Open Component Model,all,,,Balazs Nadasdi,yitsushi,Weaveworks,Weaveworks,email-domain,278,0.52,,weave.works,Acquia,35,2022-08-08,2022-11-28,lfx
Open Component Model,all,,,Gergely Brautigam,,SAP,SAP,email-domain-name,217,0.4,,sap.com,,356,2022-07-27,2026-09-10,lfx
Open Component Model,all,,,Piaras Hoban,,Individual,Individual,individual,196,0.36,,,,114,2022-08-16,2023-12-13,lfx
Open Component Model,all,,,Tuan,,SAP,SAP,same-person,195,0.36,,gmx.de,,0,,,lfx
Open Component Model,all,,,Matthias Bruns,,Matthiasbruns,Individual,personal-domain,175,0.33,,matthiasbruns.com,,160,2025-08-13,2026-09-10,lfx
Open Component Model,all,,,Niki Manoledaki,nikimanoledaki,Weaveworks,Weaveworks,email-domain-name,166,0.31,,weave.works,Grafana Labs,1,2022-10-12,2022-10-12,lfx
Open Component Model,all,,,Steffen,sk31337,SAP,SAP,commit-search,118,0.22,,sap.com,SAP,8,2025-07-07,2026-07-30,lfx
Open Component Model,all,,,Ingo Kober,In-Ko,SAP,SAP,email-domain,110,0.2,,sap.com,SAP SE,2,2022-11-22,2023-02-24,lfx
Open Component Model,all,,,Piotr Janik,,SAP,SAP,email-domain-name,106,0.2,,sap.com,,52,2025-09-16,2026-09-03,lfx
Open Component Model,all,,,Johannes Neisener,,Neisener,Individual,personal-domain,93,0.17,,neisener.de,,43,2026-05-28,2026-09-09,lfx
Open Component Model,all,,,jschicktanz,jschicktanz,SAP,SAP,email-domain,88,0.16,,sap.com,,7,2022-04-21,2023-01-13,lfx
Open Component Model,all,,,Piaras Hoban,,Individual,Individual,individual,87,0.16,,,,114,2022-08-16,2023-12-13,lfx
Open Component Model,all,,,Nikolay Boshnakov,n-boshnakov,SAP,SAP,email-domain,78,0.14,,sap.com,,11,2024-06-03,2024-07-15,lfx
Open Component Model,all,,,Robert Wolujewicz,robertwol,SAP,SAP,commit-search,76,0.14,,sap.com,,24,2023-01-10,2023-11-08,lfx
Open Component Model,all,,,Vasu Chandrasekhara,vasu1124,Actvirtual,Actvirtual,email-domain,75,0.14,,actvirtual.com,SAP,11,2022-07-25,2025-12-29,lfx
Open Component Model,all,,,Gardener Robot,gardener-robot,Individual,Individual,individual,73,0.14,,users.noreply.github.com,,9,2022-06-18,2022-08-17,lfx
Open Component Model,all,,,Josh Michielsen,jmickey,Mickey,Mickey,email-domain,66,0.12,,mickey.dev,,9,2023-01-09,2023-06-12,lfx
Open Component Model,all,,,bedirhan-yilmaz,bedirhan-yilmaz,SAP,SAP,email-domain,66,0.12,,sap.com,SAP,18,2025-11-05,2026-08-10,lfx
Open Component Model,all,,,Soule BA,souleb,Weaveworks,Weaveworks,email-domain,65,0.12,,weave.works,,9,2023-09-12,2023-11-10,lfx
Open Component Model,all,,,mingcheng,,Individual,Individual,individual,64,0.12,,,,0,,,lfx
Open Component Model,all,,,BoHristova,BoHristova,SAP,SAP,commit-search,64,0.12,,sap.com,,0,,,lfx
Open Component Model,all,,,Jens Hübel,,Individual,Individual,individual,58,0.11,,,,0,,,lfx
Open Component Model,all,,,Aleksandar Savchev,AleksandarSavchev,SAP,SAP,email-domain,57,0.11,,sap.com,gardener,4,2025-04-09,2025-05-07,lfx
Open Component Model,all,,,Andreas Thaler,a-thaler,SAP,SAP,email-domain,49,0.09,,sap.com,SAP,4,2026-07-07,2026-07-29,lfx
Open Component Model,all,,,Balazs Nadasdi,,Weaveworks,Weaveworks,email-domain-name,49,0.09,,weave.works,,35,2022-08-08,2022-11-28,lfx
Open Component Model,all,,,JanAms130,JanAms130,Individual,Individual,individual,47,0.09,,web.de,,12,2026-05-19,2026-08-05,lfx
Open Component Model,all,,,Linus Roepert,lsroe,SAP,SAP,email-domain,41,0.08,,sap.com,,6,2025-06-16,2025-09-12,lfx
Open Component Model,all,,,Archanaa,dynamic-Archu,Amrita,Amrita,commit-search,40,0.07,,ch.students.amrita.edu,,0,,,lfx
Open Component Model,all,,,federated-github-access,federated-github-access,Individual,Individual,individual,39,0.07,,,,0,,,lfx
Open Component Model,all,,,ikhandamirov,,SAP,SAP,same-person,38,0.07,,sap.com,,28,2024-03-12,2025-10-31,lfx
Open Component Model,all,,,Chris Schneider,ChrisSchneider,Chris Bk,Chris Bk,commit-search,35,0.07,,chris-bk.de,SAP,23,2026-07-29,2026-08-31,lfx
Open Component Model,all,,,hongyan_zhang,Sallyan,SAP,SAP,email-domain,35,0.07,,sap.com,SAP,1,2025-07-16,2025-07-16,lfx
Open Component Model,all,,,Dan Small,dee0sap,SAP,SAP,commit-search,30,0.06,,sap.com,,4,2024-05-03,2025-11-20,lfx
Open Component Model,all,,,Robert Wolujewicz,,SAP,SAP,same-person,28,0.05,,sap.com,,25,2023-01-10,2023-11-08,lfx
Open Component Model,all,,,shivenduverma-sap,shivenduverma-sap,SAP,Individual,personal-domain,28,0.05,,sap.com,,2,2023-11-23,2023-11-28,lfx
Open Component Model,all,,,ben-yil,,Individual,Individual,individual,28,0.05,,,,0,,,lfx
Open Component Model,all,,,Rene Schuenemann,reshnm,SAP,SAP,email-domain,27,0.05,,sap.com,,4,2023-07-24,2026-05-07,lfx
Open Component Model,all,,,Torsten Dangel,TorstenD-SAP,SAP,SAP,email-domain,27,0.05,,sap.com,SAP,10,2026-01-09,2026-03-19,lfx
Open Component Model,all,,,Chris Schneider,,Chris Bk,Chris Bk,same-person,25,0.05,,chris-bk.de,,23,2026-07-29,2026-08-31,lfx
Open Component Model,all,,,Ingo Kober,,SAP,SAP,same-person,24,0.04,,sap.com,,18,2022-07-26,2024-01-19,lfx
Open Component Model,all,,,JanAms130,,Individual,Individual,individual,24,0.04,,,,12,2026-05-19,2026-08-05,lfx
Open Component Model,all,,,chrisbleyerSAP,chrisbleyerSAP,SAP,Individual,personal-domain,22,0.04,,sap.com,,4,2026-03-08,2026-04-10,lfx
Open Component Model,all,,,Chris Schneider,,Chris Bk,Chris Bk,same-person,22,0.04,,chris-bk.de,,23,2026-07-29,2026-08-31,lfx
Open Component Model,all,,,Tobias Looker,m4staka,Individual,Individual,individual,21,0.04,,,,0,,,lfx
Open Component Model,all,,,Alexander Bassmanow,,Individual,Individual,individual,20,0.04,,,,0,,,lfx
Open Component Model,all,,,Ilya Khandamirov,,Individual,Individual,individual,20,0.04,,,,0,,,lfx
Open Component Model,all,,,Marin Atanasov Nikolov,dnaeon,Individual,Individual,individual,18,0.03,,gmail.com,,4,2025-02-18,2025-05-13,lfx
Open Component Model,all,,,alexbass01,alexbass01,SAP,SAP,email-domain,17,0.03,,sap.com,,10,2026-08-13,2026-09-07,lfx
Open Component Model,all,,,Nelo-T. Wallus,ntnn,SAP,SAP,email-domain,16,0.03,,sap.com,SAP SE,3,2026-08-18,2026-08-19,lfx
Open Component Model,all,,,Angel Kafazov,akafazov,CST,CST,email-domain,13,0.02,,cst-bg.net,,2,2026-08-27,2026-08-31,lfx
Open Component Model,all,,,Frederic Wilhelm,,SAP,SAP,email-domain-name,13,0.02,,sap.com,,240,2024-07-19,2026-09-09,lfx
Open Component Model,all,,,Nikolay Boshnakov,,SAP,SAP,email-domain-name,13,0.02,,sap.com,,11,2024-06-03,2024-07-15,lfx
Open Component Model,all,,,Bozhidara Hristova,,Individual,Individual,individual,13,0.02,,,,11,2025-10-15,2026-01-27,lfx
Open Component Model,all,,,paul.carlton,nab-gha,Weaveworks,Weaveworks,email-domain-name,13,0.02,,weave.works,,2,2022-07-27,2022-07-28,lfx
Open Component Model,all,,,Frederic Wilhelm,,SAP,SAP,email-domain-name,12,0.02,,sap.com,,240,2024-07-19,2026-09-09,lfx
Open Component Model,all,,,Bozhidara Hristova,,Individual,Individual,individual,12,0.02,,,,11,2025-10-15,2026-01-27,lfx
Open Component Model,all,,,Aleksandar Savchev,,SAP,SAP,email-domain-name,11,0.02,,sap.com,,11,2024-07-18,2025-05-07,lfx
Open Component Model,all,,,sk31337,,Individual,Individual,individual,11,0.02,,,,0,,,lfx
Open Component Model,all,,,Maximilian Techritz,maximiliantech,SAP,SAP,email-domain,10,0.02,,sap.com,SAP,2,2023-10-20,2024-08-21,lfx
Open Component Model,all,,,Finnegan1,Finnegan1,Individual,Individual,individual,9,0.02,,,,0,,,lfx
Open Component Model,all,,,Steffen,,SAP,SAP,same-person,9,0.02,,sap.com,,11,2024-03-12,2026-07-30,lfx
Open Component Model,all,,,Maohsiang,titanlien,Mhlien,Mhlien,commit-search,8,0.01,,mhlien.de,SAP SE,1,2026-06-08,2026-06-08,lfx
Open Component Model,all,,,Gergely Czuczy,gczuczy,Harmless,Harmless,email-domain,8,0.01,,harmless.hu,,1,2025-11-06,2025-11-06,lfx
Open Component Model,all,,,Ajinkya Patil,ajinkyapatil8190,SAP,SAP,email-domain,8,0.01,,sap.com,"SAP SE, Germany",2,2024-05-23,2025-02-20,lfx
Open Component Model,all,,,Johannes Schicktanz,,SAP,SAP,email-domain-name,8,0.01,,sap.com,,7,2022-04-21,2023-01-13,lfx
Open Component Model,all,,,Rene Schuenemann,,SAP,SAP,same-person,7,0.01,,sap.com,,0,,,lfx
Open Component Model,all,,,Gerald Morrison,,SAP,SAP,same-person,7,0.01,,users.noreply.github.com,,472,2023-04-28,2026-08-20,lfx
Open Component Model,all,,,jkafka23,jkafka23,SAP,SAP,commit-search,7,0.01,,sap.com,,0,,,lfx
Open Component Model,all,,,Linus Roepert,,SAP,SAP,email-domain-name,6,0.01,,sap.com,,6,2025-06-16,2025-09-12,lfx
Open Component Model,all,,,phoban01,,Individual,Individual,individual,6,0.01,,,,4,2023-01-24,2023-03-10,lfx
Open Component Model,all,,,Umang2608,Umang2608,Individual,Individual,individual,6,0.01,,,,0,,,lfx
Open Component Model,all,,,Franziska Schallhorn,Franziska-Schallhorn,SAP,SAP,email-domain,5,0.01,,sap.com,SAP SE,1,2025-09-08,2025-09-08,lfx
Open Component Model,all,,,Andre Guerra,agu3rra,SAP,SAP,commit-search,4,0.01,,sap.com,,0,,,lfx
Open Component Model,all,,,mabo235,mabo235,Individual,Individual,individual,4,0.01,,,,0,,,lfx
Open Component Model,all,,,Christoph Bleyer,,Individual,Individual,individual,4,0.01,,,,0,,,lfx
Open Component Model,all,,,Aleksandar Savchev,,SAP,SAP,email-domain-name,4,0.01,,sap.com,,11,2024-07-18,2025-05-07,lfx
Open Component Model,all,,,Torsten Dangel,,SAP,SAP,email-domain-name,4,0.01,,sap.com,,13,2025-11-13,2026-03-27,lfx
Open Component Model,all,,,us-2608,us-2608,Individual,Individual,individual,4,0.01,,,,0,,,lfx
Open Component Model,all,,,chrisbleyerSAP,,Individual,Individual,individual,4,0.01,,,,4,2026-03-08,2026-04-10,lfx
Open Component Model,all,,,Aleksa Sarai,cyphar,Cyphar,Cyphar,commit-search,3,0.01,,cyphar.com,amutable-systems,0,,,lfx
Open Component Model,all,,,Martin Weindel,MartinWeindel,SAP,SAP,email-domain,3,0.01,,sap.com,SAP,1,2023-04-26,2023-04-26,lfx
Open Component Model,all,,,Ivo Gosemann,ivogoman,SAP,SAP,commit-search,3,0.01,,sap.com,SAP SE,0,,,lfx
Open Component Model,all,,,Maximilian Braun (SAP),maximilianbraun,SAP,Individual,personal-domain,3,0.01,,sap.com,SAP,1,2023-11-08,2023-11-08,lfx
Open Component Model,all,,,Moritz Marby,n3rdc4ptn,SAP,SAP,email-domain,3,0.01,,sap.com,sap,1,2024-07-30,2024-07-30,lfx
Open Component Model,all,,,David Siregar,dattito,Duck,Duck,email-domain,3,0.01,,duck.com,,1,2025-10-08,2025-10-08,lfx
Open Component Model,all,,,Robert Wolujewicz,,SAP,SAP,same-person,3,0.01,,sap.com,,25,2023-01-10,2023-11-08,lfx
Open Component Model,all,,,robertwolu,robertwolu,Individual,Individual,individual,3,0.01,,hotmail.com,,1,2023-09-25,2023-09-25,lfx
Open Component Model,all,,,hilmarf,,Individual,Individual,individual,3,0.01,,,,0,,,lfx
Open Component Model,all,,,Steffen,,SAP,SAP,same-person,3,0.01,,sap.com,,11,2024-03-12,2026-07-30,lfx
Open Component Model,all,,,jonasbreuer,jonasbreuer,SAP,SAP,commit-search,3,0.01,,sap.com,,1,2024-04-16,2024-04-16,lfx
Open Component Model,all,,,MoD Stellmacher,Perseus985,Stellmacher,Individual,personal-domain,3,0.01,,stellmacher.xyz,,0,,,lfx
Open Component Model,all,,,Daniel Kalotai,danielkalotai,Individual,Individual,individual,2,0,,users.noreply.github.com,,1,2024-07-08,2024-07-08,lfx
Open Component Model,all,,,Nik Voss,trevex,Individual,Individual,individual,2,0,,,,0,,,lfx
Open Component Model,all,,,Florian Wilhelm,fwilhe,SAP,SAP,email-domain,2,0,,sap.com,,1,2024-04-29,2024-04-29,lfx
Open Component Model,all,,,Tim,,Individual,Individual,individual,2,0,,,,1,2025-11-04,2025-11-04,lfx
Open Component Model,all,,,Christian Hüning,christianhuening,Opendefense,Opendefense,commit-search,2,0,,opendefense.cloud,,1,2026-07-21,2026-07-21,lfx
Open Component Model,all,,,Jory Burson,jorydotcom,Thestoryofjory,Thestoryofjory,commit-search,2,0,,thestoryofjory.com,,0,,,lfx
Open Component Model,all,,,achimweigel,achimweigel,SAP,SAP,commit-search,2,0,,sap.com,,0,,,lfx
Open Component Model,all,,,In-Ko,,SAP,SAP,email-domain-name,2,0,,sap.com,,2,2022-11-22,2023-02-24,lfx
Open Component Model,all,,,Shivendu Verma,,Individual,Individual,individual,2,0,,,,2,2023-11-23,2023-11-28,lfx
Open Component Model,all,,,ben-yil,ben-yil,Individual,Individual,individual,2,0,,,,0,,,lfx
Open Component Model,all,,,knp-sap,knp-sap,Individual,Individual,individual,2,0,,users.noreply.github.com,,1,2026-06-15,2026-06-15,lfx
Open Component Model,all,,,krasish,krasish,Individual,Individual,individual,2,0,,gmail.com,,1,2023-12-22,2023-12-22,lfx
Open Component Model,all,,,heldkat,heldkat,SAP,SAP,email-domain,2,0,,sap.com,,1,2025-06-26,2025-06-26,lfx
Open Component Model,all,,,Patryk Dobrowolski,,SAP,SAP,email-domain-name,2,0,,sap.com,,1,2026-07-21,2026-07-21,lfx
Open Component Model,all,,,Maohsiang @ SAP SE,,Individual,Individual,individual,2,0,,,,1,2026-06-08,2026-06-08,lfx
Open Component Model,all,,,Empiire00,Empiire00,SAP,SAP,commit-search,2,0,,sap.com,,0,,,lfx
Open Component Model,all,,,Martin Weindel,,SAP,SAP,email-domain-name,1,0,,sap.com,,1,2023-04-26,2023-04-26,lfx
Open Component Model,all,,,Steffen,,SAP,SAP,same-person,1,0,,sap.com,,11,2024-03-12,2026-07-30,lfx
Open Component Model,all,,,Moritz Reich,,SAP,SAP,email-domain-name,1,0,,sap.com,,1,2024-07-30,2024-07-30,lfx
Open Component Model,all,,,jonasbreuer,,SAP,SAP,same-person,1,0,,sap.com,,1,2024-04-16,2024-04-16,lfx
Open Component Model,all,,,Sandro Jäckel,SuperSandro2000,SAP,SAP,commit-search,1,0,,sap.com,"NixOS, @sapcc, @c3d2",0,,,lfx
Open Component Model,all,,,Wojciech Sołtys,Sawthis,SAP,SAP,commit-search,1,0,,sap.com,SAP,1,2026-07-30,2026-07-30,lfx
Open Component Model,all,,,Wojciech Sołtys,,SAP,SAP,same-person,1,0,,sap.com,,1,2026-07-30,2026-07-30,lfx
Open Component Model,all,,,your.email,,Individual,Individual,individual,1,0,,,,0,,,lfx
Open Component Model,all,,,Tim Geimer,Avarei,Individual,Individual,individual,1,0,,,,0,,,lfx
Open Component Model,all,,,Christian Hüning,,Opendefense,Opendefense,same-person,1,0,,opendefense.cloud,,1,2026-07-21,2026-07-21,lfx
Open Component Model,all,,,dee0,dee0,Ibm,IBM,commit-search,1,0,,ca.ibm.com,,0,,,lfx
Open Component Model,all,,,Красимир Шонтов,,Individual,Individual,individual,1,0,,,,0,,,lfx
Open Component Model,all,,,jkafka23,,SAP,SAP,same-person,1,0,,sap.com,,0,,,lfx
Open Component Model,all,,,Jason Kafka,,Individual,Individual,individual,1,0,,,,0,,,lfx
Open Component Model,all,,,Christian Hüning,,Opendefense,Opendefense,same-person,1,0,,opendefense.cloud,,1,2026-07-21,2026-07-21,lfx
Open Component Model,all,,,Maximilian Techritz,,SAP,SAP,email-domain-name,1,0,,sap.com,,2,2023-10-20,2024-08-21,lfx
Open Component Model,all,,,Florian Wilhelm,,SAP,SAP,email-domain-name,1,0,,sap.com,,1,2024-04-29,2024-04-29,lfx
Open Component Model,all,,,Dan Small,,SAP,SAP,same-person,1,0,,sap.com,,0,,,lfx
Open Component Model,all,,,Wojciech Sołtys,,SAP,SAP,same-person,1,0,,sap.com,,1,2026-07-30,2026-07-30,lfx
Open Component Model,all,,,sap-sonar-github-com,sap-sonar-github-com,Individual,Individual,individual,1,0,,,,0,,,lfx
Open Component Model,all,,,David Siregar,,Duck,Duck,email-domain-name,1,0,,duck.com,,1,2025-10-08,2025-10-08,lfx
Open Component Model,all,,,Michael5601,Michael5601,SAP,SAP,commit-search,1,0,,sap.com,,0,,,lfx
Open Component Model,all,,,Tobias K,,Individual,Individual,individual,1,0,,,,1,2024-10-17,2024-10-17,lfx
Open Component Model,all,,,knp-sap,,Individual,Individual,individual,1,0,,,,1,2026-06-15,2026-06-15,lfx
Open Component Model,all,,,Daniel Kalotai,,Individual,Individual,individual,1,0,,,,1,2024-07-08,2024-07-08,lfx
Open Component Model,all,,,Umang2608,,Individual,Individual,individual,1,0,,,,0,,,lfx
Open Component Model,all,,,Archanaa,,Amrita,Amrita,same-person,1,0,,ch.students.amrita.edu,,0,,,lfx
Open Component Model,all,,,I557814,,SAP,SAP,email-domain-name,1,0,,sap.com,,1,2025-09-08,2025-09-08,lfx
Open Component Model,all,,,Kathi,,SAP,SAP,email-domain-name,1,0,,sap.com,,1,2025-06-26,2025-06-26,lfx
Open Component Model,all,,,Hongyan Zhang,,SAP,SAP,email-domain-name,1,0,,sap.com,,1,2025-07-16,2025-07-16,lfx
Open Component Model,all,,,Matthias Bruns,,Matthiasbruns,Individual,personal-domain,1,0,,matthiasbruns.com,,160,2025-08-13,2026-09-10,lfx
Open Component Model,all,,,ChiaraP812,ChiaraP812,Individual,Individual,individual,1,0,,,,0,,,lfx
Open Component Model,all,,,Piotr Janik,,SAP,SAP,email-domain-name,1,0,,sap.com,,52,2025-09-16,2026-09-03,lfx
Open Component Model,all,,,DevBot,,Individual,Individual,individual,1,0,,,,0,,,lfx
Open Component Model,all,,,Kostadin Plachkov,,Individual,Individual,individual,1,0,,,,0,,,lfx
Greenhouse,all,,,Ivo Gosemann,ivogoman,SAP,SAP,commit-search,5441,12.66,maintainer,sap.com,SAP SE,0,,,lfx
Greenhouse,all,,,ArtieReus,ArtieReus,SAP,SAP,email-domain,3327,7.74,,sap.com,,873,2022-02-28,2026-06-01,lfx
Greenhouse,all,,,Abhijith Ravindra,abhijith-darshan,SAP,SAP,commit-search,2262,5.26,,sap.com,SAP,144,2024-08-22,2026-09-09,lfx
Greenhouse,all,,,David Gogl,kengou,Individual,Individual,individual,2091,4.87,,users.noreply.github.com,,124,2024-03-11,2025-12-09,lfx
Greenhouse,all,,,Thomas Rouaux,trouaux,SAP,SAP,commit-search,1797,4.18,,sap.com,,171,2025-01-28,2026-09-10,lfx
Greenhouse,all,,,Akshay Iyyadurai,ibakshay,SAP,SAP,email-domain,1749,4.07,,sap.com,,108,2024-07-25,2026-08-05,lfx
Greenhouse,all,,,Andreas Pfau,andypf,SAP,SAP,email-domain,1693,3.94,maintainer,sap.com,,875,2021-02-10,2025-08-28,lfx
Greenhouse,all,,,Wowa Barsukov,barsukov,SAP,SAP,email-domain,1443,3.36,,sap.com,,50,2024-07-12,2025-05-16,lfx
Greenhouse,all,,,Timo Johner,timojohlo,SAP,SAP,commit-search,1439,3.35,,sap.com,,167,2024-06-24,2026-09-08,lfx
Greenhouse,all,,,Guoda Puidokaite,guoda-puidokaite,Individual,Individual,individual,1389,3.23,,users.noreply.github.com,,80,2024-10-15,2026-08-20,lfx
Greenhouse,all,,,Franz Heidl,franzheidl,Franzheidl,Individual,personal-domain,1369,3.19,maintainer,franzheidl.de,,584,2021-06-03,2026-09-02,lfx
Greenhouse,all,,,Hoda,hodanoori,SAP,SAP,email-domain,1352,3.15,maintainer,sap.com,,105,2023-12-04,2026-09-01,lfx
Greenhouse,all,,,Jonathan Schwarze,jolusch,SAP,SAP,email-domain-name,1310,3.05,,sap.com,,144,2024-10-07,2026-08-26,lfx
Greenhouse,all,,,Tilman,TilmanHaupt,SAP,SAP,email-domain,1264,2.94,,sap.com,SAP SE,10,2024-03-11,2024-03-13,lfx
Greenhouse,all,,,Richard Tief,richardtief,SAP,SAP,commit-search,1197,2.79,,sap.com,,130,2024-04-10,2025-07-10,lfx
Greenhouse,all,,,Taimoor Aslam,taymoor89,SAP,SAP,email-domain,975,2.27,,sap.com,SAP,70,2024-10-09,2026-07-20,lfx
Greenhouse,all,,,Andreas Pfau,,A Pfau,A Pfau,email-domain-name,946,2.2,,a-pfau.de,,8,2024-08-07,2024-09-20,lfx
Greenhouse,all,,,Uwe Mayer,uwe-mayer,SAP,SAP,commit-search,921,2.14,maintainer,sap.com,,110,2024-01-12,2026-06-23,lfx
Greenhouse,all,,,edda,edda,SAP,SAP,email-domain,889,2.07,maintainer,sap.com,,624,2021-02-10,2026-07-01,lfx
Greenhouse,all,,,Arturo Reuschenbach Puncernau,,Individual,Individual,individual,631,1.47,,,,0,,,lfx
Greenhouse,all,,,Esther Schmitz,,Individual,Individual,individual,613,1.43,,,,52,2021-02-10,2026-07-01,lfx
Greenhouse,all,,,Tommy Sauer,viennaa,SAP,SAP,email-domain,595,1.38,,sap.com,SAP,22,2024-04-26,2026-03-05,lfx
Greenhouse,all,,,Onur Yılmaz,onuryilmaz,SAP,SAP,email-domain,546,1.27,,sap.com,,53,2024-08-01,2026-08-24,lfx
Greenhouse,all,,,Arturo Reuschenbach,,Individual,Individual,individual,541,1.26,,,,259,2024-04-10,2026-06-01,lfx
Greenhouse,all,,,Simon Olander,olandr,SAP,SAP,email-domain,531,1.24,,sap.com,SAP-cloud-infrastructure,42,2024-11-25,2026-09-10,lfx
Greenhouse,all,,,Krzysztof Zagorski,Zaggy21,Individual,Individual,individual,501,1.17,,gmail.com,,67,2024-09-04,2026-08-10,lfx
Greenhouse,all,,,Mikolaj Kucinski,mikolajkucinski,Individual,Individual,individual,464,1.08,,gmail.com,,57,2025-07-11,2026-09-09,lfx
Greenhouse,all,,,Olaf Heydorn,Kuckkuck,SAP,SAP,email-domain,421,0.98,,sap.com,SAP SE,33,2024-07-17,2026-08-24,lfx
Greenhouse,all,,,mark-karnaukh-extern-sap,mark-karnaukh-extern-sap,SAP,Individual,personal-domain,419,0.97,,sap.com,,25,2025-03-26,2025-09-12,lfx
Greenhouse,all,,,Arno Uhlig,auhlig,SAP,SAP,email-domain,348,0.81,,sap.com,SAP SE,52,2024-02-23,2024-08-23,lfx
Greenhouse,all,,,Hans-Georg Winkler,hgw77,SAP,SAP,email-domain,274,0.64,,sap.com,,136,2021-11-09,2025-03-07,lfx
Greenhouse,all,,,k-fabryczny,k-fabryczny,SAP,SAP,email-domain,240,0.56,,sap.com,,6,2026-02-09,2026-08-12,lfx
Greenhouse,all,,,MartinS-git,MartinS-git,Eyepic,Eyepic,email-domain,233,0.54,,eyepic.de,,16,2022-08-17,2026-06-29,lfx
Greenhouse,all,,,Abhijith Ravindra,,SAP,SAP,same-person,192,0.45,,sap.com,,144,2024-08-22,2026-09-09,lfx
Greenhouse,all,,,Timo,,Individual,Individual,individual,188,0.44,,,,167,2024-06-24,2026-09-08,lfx
Greenhouse,all,,,Esther Schmitz,,Individual,Individual,individual,180,0.42,,,,52,2021-02-10,2026-07-01,lfx
Greenhouse,all,,,Thomas Rouaux,,SAP,SAP,same-person,176,0.41,,sap.com,,171,2025-01-28,2026-09-10,lfx
Greenhouse,all,,,David Gogl,,Individual,Individual,individual,160,0.37,,,,124,2024-03-11,2025-12-09,lfx
Greenhouse,all,,,ztomaszewska,ztomaszewska,SAP,SAP,email-domain,157,0.37,,sap.com,,20,2026-06-16,2026-09-09,lfx
Greenhouse,all,,,Richard Tief,,SAP,SAP,same-person,145,0.34,,sap.com,,130,2024-04-10,2025-07-10,lfx
Greenhouse,all,,,gjaskiewicz,gjaskiewicz,Google,Google,commit-search,129,0.3,,google.com,,30,2024-08-16,2025-01-14,lfx
Greenhouse,all,,,Uwe Mayer,,SAP,SAP,same-person,122,0.28,,sap.com,,110,2024-01-12,2026-06-23,lfx
Greenhouse,all,,,Hoda,,SAP,SAP,same-person,120,0.28,,sap.com,,0,,,lfx
Greenhouse,all,,,vlad-schur-external-sap,vlad-schur-external-sap,SAP,Individual,personal-domain,118,0.27,,sap.com,,9,2026-02-13,2026-08-07,lfx
Greenhouse,all,,,Guoda,,Individual,Individual,individual,90,0.21,,,,80,2024-10-15,2026-08-20,lfx
Greenhouse,all,,,Tilman,,SAP,SAP,same-person,85,0.2,,sap.com,,0,,,lfx
Greenhouse,all,,,KirylSAP,KirylSAP,SAP,Individual,personal-domain,82,0.19,,sap.com,,4,2026-02-16,2026-09-04,lfx
Greenhouse,all,,,Taimoor Aslam,,SAP,SAP,email-domain-name,82,0.19,,sap.com,,70,2024-10-09,2026-07-20,lfx
Greenhouse,all,,,Piotr Skamruk,jellonek,Mirantis,Mirantis,commit-search,81,0.19,,mirantis.com,,7,2026-06-11,2026-08-26,lfx
Greenhouse,all,,,Franz Heidl,,Franzheidl,Individual,personal-domain,75,0.17,,franzheidl.de,,584,2021-06-03,2026-09-02,lfx
Greenhouse,all,,,Abhijith Ravindra,,SAP,SAP,same-person,74,0.17,,sap.com,,144,2024-08-22,2026-09-09,lfx
Greenhouse,all,,,Cloud Operator,cloud-operator,Individual,Individual,individual,73,0.17,,,,0,,,lfx
Greenhouse,all,,,Mikolaj Kucinski,,Individual,Individual,individual,72,0.17,,,,57,2025-07-11,2026-09-09,lfx
Greenhouse,all,,,Richard Tief,,SAP,SAP,same-person,69,0.16,,sap.com,,130,2024-04-10,2025-07-10,lfx
Greenhouse,all,,,Melvin Simmert,melvinsimmert,NTT DATA,NTT DATA,github-company,56,0.13,,users.noreply.github.com,NTT DATA,5,2026-07-28,2026-09-08,lfx
Greenhouse,all,,,Erik Schubert,Nuckal777,SAP,SAP,email-domain,54,0.13,maintainer,sap.com,SAP,10,2024-03-18,2025-01-10,lfx
Greenhouse,all,,,Ganesh Kugulakrishnan,RockSolidScripts,SAP,SAP,commit-search,46,0.11,maintainer,sap.com,,6,2026-06-19,2026-08-12,lfx
Greenhouse,all,,,abhijith-darshan,,Individual,Individual,individual,45,0.1,,,,0,,,lfx
Greenhouse,all,,,dimtas,dimtas,SAP,SAP,commit-search,41,0.1,maintainer,sap.com,,5,2024-08-13,2024-11-05,lfx
Greenhouse,all,,,Zuzanna Tomaszewska,,Individual,Individual,individual,40,0.09,,,,0,,,lfx
Greenhouse,all,,,trouaux,,Individual,Individual,individual,38,0.09,,,,0,,,lfx
Greenhouse,all,,,k.zagorski,,Individual,Individual,individual,37,0.09,,,,0,,,lfx
Greenhouse,all,,,VoigtS,VoigtS,SAP,SAP,commit-search,34,0.08,,sap.com,,0,,,lfx
Greenhouse,all,,,Grzegorz Jaśkiewicz,,Individual,Individual,individual,32,0.07,,,,30,2024-08-16,2025-01-14,lfx
Greenhouse,all,,,sjentzschsap,sjentzschsap,SAP,Individual,personal-domain,32,0.07,,sap.com,,2,2025-08-11,2026-05-12,lfx
Greenhouse,all,,,thecodingshrimp,thecodingshrimp,Tu Berlin,Tu Berlin,commit-search,31,0.07,,campus.tu-berlin.de,Deloitte,4,2026-07-20,2026-08-25,lfx
Greenhouse,all,,,gjaskiewicz,,Google,Google,same-person,31,0.07,,google.com,,0,,,lfx
Greenhouse,all,,,Cloud Operator,,Individual,Individual,individual,31,0.07,,,,0,,,lfx
Greenhouse,all,,,Martin Schulze,,Eyepic,Eyepic,email-domain-name,29,0.07,,eyepic.de,,16,2022-08-17,2026-06-29,lfx
Greenhouse,all,,,Franz Heidl,,Franzheidl,Individual,personal-domain,29,0.07,,franzheidl.de,,584,2021-06-03,2026-09-02,lfx
Greenhouse,all,,,mark-karnaukh-extern-sap,,SAP,Individual,personal-domain,28,0.07,,sap.com,,25,2025-03-26,2025-09-12,lfx
Greenhouse,all,,,grzegorz-ciezkowski,,Individual,Individual,individual,25,0.06,,,,0,,,lfx
Greenhouse,all,,,jeoffzheng,jeoffzheng,SAP,SAP,commit-search,24,0.06,,sap.com,,1,2026-05-18,2026-05-18,lfx
Greenhouse,all,,,MR2011,MR2011,SAP,SAP,email-domain,23,0.05,,sap.com,,3,2025-08-21,2026-05-20,lfx
Greenhouse,all,,,jagoleni,jagoleni,SAP,SAP,commit-search,22,0.05,,sap.com,,7,2026-05-21,2026-08-18,lfx
Greenhouse,all,,,TilmanHaupt,,SAP,SAP,email-domain-name,22,0.05,,sap.com,,82,2023-10-23,2026-02-19,lfx
Greenhouse,all,,,vlad-schur-external-sap,,SAP,Individual,personal-domain,22,0.05,,sap.com,,9,2026-02-13,2026-08-07,lfx
Greenhouse,all,,,I574614,,Individual,Individual,individual,20,0.05,,,,0,,,lfx
Greenhouse,all,,,Wowa,,Individual,Individual,individual,19,0.04,,,,0,,,lfx
Greenhouse,all,,,Hoda Noori,,Individual,Individual,individual,18,0.04,,,,99,2023-12-04,2026-09-01,lfx
Greenhouse,all,,,aliyilmaz-deloitte,aliyilmaz-deloitte,Deloitte,Individual,personal-domain,18,0.04,,deloitte.de,Deloitte Consulting,3,2026-08-12,2026-08-20,lfx
Greenhouse,all,,,mdrkb,mdrkb,SAP,SAP,github-company,17,0.04,,users.noreply.github.com,SAP,2,2026-04-09,2026-05-11,lfx
Greenhouse,all,,,amerello-sap,amerello-sap,Individual,Individual,individual,17,0.04,,mailbox.org,,2,2026-05-28,2026-05-28,lfx
Greenhouse,all,,,I531348,,Individual,Individual,individual,14,0.03,,,,0,,,lfx
Greenhouse,all,,,mik-tsi,mik-tsi,SAP,SAP,email-domain,14,0.03,,sap.com,,2,2026-07-06,2026-07-13,lfx
Greenhouse,all,,,I504010,,Individual,Individual,individual,13,0.03,,,,0,,,lfx
Greenhouse,all,,,trouaux,,Individual,Individual,individual,12,0.03,,,,0,,,lfx
Greenhouse,all,,,wiltongarcia,wiltongarcia,SAP,SAP,commit-search,11,0.03,,sap.com,,1,2026-08-25,2026-08-25,lfx
Greenhouse,all,,,anton-paulovich,anton-paulovich,SAP,SAP,email-domain,11,0.03,,sap.com,,1,2026-04-10,2026-04-10,lfx
Greenhouse,all,,,KirylSAP,,SAP,Individual,personal-domain,10,0.02,,sap.com,,4,2026-02-16,2026-09-04,lfx
Greenhouse,all,,,Ajinkya Patil,ajinkyapatil8190,SAP,SAP,email-domain,10,0.02,,sap.com,"SAP SE, Germany",1,2024-03-19,2024-03-19,lfx
Greenhouse,all,,,Klaudiusz Fabryczny,,Individual,Individual,individual,10,0.02,,,,0,,,lfx
Greenhouse,all,,,Ganesh Kugulakrishnan,,SAP,SAP,same-person,10,0.02,,sap.com,,6,2026-06-19,2026-08-12,lfx
Greenhouse,all,,,vivekthacker007,vivekthacker007,Individual,Individual,individual,10,0.02,,users.noreply.github.com,,2,2026-08-14,2026-09-09,lfx
Greenhouse,all,,,EdrilanBerisha,EdrilanBerisha,SAP,SAP,commit-search,9,0.02,,sap.com,SAP,1,2026-06-12,2026-06-12,lfx
Greenhouse,all,,,Simon Olander,,SAP,SAP,email-domain-name,9,0.02,,sap.com,,42,2024-11-25,2026-09-10,lfx
Greenhouse,all,,,Melvin Simmert,,NTT DATA,NTT DATA,same-person,8,0.02,,users.noreply.github.com,,5,2026-07-28,2026-09-08,lfx
Greenhouse,all,,,q8isar-khan,q8isar-khan,SAP,SAP,email-domain,8,0.02,,sap.com,,2,2026-08-12,2026-08-13,lfx
Greenhouse,all,,,kayrus,kayrus,Individual,Individual,individual,7,0.02,,users.noreply.github.com,,0,,,lfx
Greenhouse,all,,,Dmitri Fedotov,defo89,SAP,SAP,email-domain,7,0.02,,sap.com,,1,2026-08-10,2026-08-10,lfx
Greenhouse,all,,,notque,notque,Individual,Individual,individual,7,0.02,,,,0,,,lfx
Greenhouse,all,,,mohammad.sahihi.benis,msahihi,SAP,SAP,github-company,7,0.02,,gmail.com,SAP,1,2026-09-08,2026-09-08,lfx
Greenhouse,all,,,Carlos Armero,carmeroa,Deloitte,Deloitte,github-company,7,0.02,,users.noreply.github.com,Deloitte,1,2026-07-08,2026-07-08,lfx
Greenhouse,all,,,Jan-Eike Golenia,,Individual,Individual,individual,7,0.02,,,,7,2026-05-21,2026-08-18,lfx
Greenhouse,all,,,David Gogl,,Individual,Individual,individual,7,0.02,,,,124,2024-03-11,2025-12-09,lfx
Greenhouse,all,,,Jan-Eike Golenia,,Individual,Individual,individual,7,0.02,,,,7,2026-05-21,2026-08-18,lfx
Greenhouse,all,,,Dimitrios Tassopoulos,,Individual,Individual,individual,6,0.01,,,,5,2024-08-13,2024-11-05,lfx
Greenhouse,all,,,Alican Yilmaz,,Deloitte,Deloitte,email-domain-name,6,0.01,,deloitte.de,,3,2026-08-12,2026-08-20,lfx
Greenhouse,all,,,Sandro Jäckel,SuperSandro2000,SAP,SAP,commit-search,5,0.01,,sap.com,"NixOS, @sapcc, @c3d2",1,2024-08-07,2024-08-07,lfx
Greenhouse,all,,,ashifnihalb,ashifnihalb,SAP,SAP,commit-search,5,0.01,,sap.com,,0,,,lfx
Greenhouse,all,,,Alican Yilmaz,,Deloitte,Deloitte,email-domain-name,5,0.01,,deloitte.de,,3,2026-08-12,2026-08-20,lfx
Greenhouse,all,,,Anton Paulovich,,SAP,SAP,email-domain-name,5,0.01,,sap.com,,1,2026-04-10,2026-04-10,lfx
Greenhouse,all,,,Frazia04,Frazia04,SAP,SAP,commit-search,5,0.01,,sap.com,,1,2026-08-11,2026-08-11,lfx
Greenhouse,all,,,Fabian Ruff,databus23,Progra,Progra,commit-search,4,0.01,,progra.de,,0,,,lfx
Greenhouse,all,,,Alican44,Alican44,Individual,Individual,individual,4,0.01,,,,0,,,lfx
Greenhouse,all,,,NelTdS,NelTdS,Neltds,Individual,personal-domain,4,0.01,,neltds.de,Deloitte,1,2026-07-29,2026-07-29,lfx
Greenhouse,all,,,Theodor Ganescu,anastazya,ServerWorks,ServerWorks,github-company,4,0.01,,users.noreply.github.com,ServerWorks,1,2026-06-03,2026-06-03,lfx
Greenhouse,all,,,thecodingshrimp,,Tu Berlin,Tu Berlin,same-person,4,0.01,,campus.tu-berlin.de,,0,,,lfx
Greenhouse,all,,,Qaisar Khan,,SAP,SAP,email-domain-name,4,0.01,,sap.com,,2,2026-08-12,2026-08-13,lfx
Greenhouse,all,,,Dimitris Τassopoulos,dimtass,Individual,Individual,individual,4,0.01,,,,0,,,lfx
Greenhouse,all,,,Martin Vossen,artherd42,SAP,SAP,commit-search,4,0.01,,sap.com,,0,,,lfx
Greenhouse,all,,,merugupavankumar,merugupavankumar,SAP,SAP,commit-search,4,0.01,,sap.com,,0,,,lfx
Greenhouse,all,,,I577931,,Individual,Individual,individual,4,0.01,,,,0,,,lfx
Greenhouse,all,,,Stefan Voigt,,Individual,Individual,individual,4,0.01,,,,4,2024-09-06,2025-05-19,lfx
Greenhouse,all,,,sjentzschsap,,SAP,Individual,personal-domain,4,0.01,,sap.com,,2,2025-08-11,2026-05-12,lfx
Greenhouse,all,,,pavankumarmerugu,pavankumarmerugu,Individual,Individual,individual,4,0.01,,,,0,,,lfx
Greenhouse,all,,,Kevin Fischer,kevin-fischer,Individual,Individual,individual,4,0.01,,users.noreply.github.com,,1,2026-03-06,2026-03-06,lfx
Greenhouse,all,,,Olaf Heydorn,,SAP,SAP,email-domain-name,4,0.01,,sap.com,,33,2024-07-17,2026-08-24,lfx
Greenhouse,all,,,Alejandro Merello,,Individual,Individual,individual,4,0.01,,,,0,,,lfx
Greenhouse,all,,,mtsimafeyeu,,Individual,Individual,individual,4,0.01,,,,0,,,lfx
Greenhouse,all,,,adziauho,adziauho,SAP,SAP,email-domain,4,0.01,,sap.com,,1,2026-08-21,2026-08-21,lfx
Greenhouse,all,,,henrichter-sap,henrichter-sap,SAP,Individual,personal-domain,3,0.01,,sap.com,,1,2026-09-07,2026-09-07,lfx
Greenhouse,all,,,Vladimir Kasatkin,torwald-sergesson,Individual,Individual,individual,3,0.01,,,,0,,,lfx
Greenhouse,all,,,crenduchinta88,crenduchinta88,SAP,SAP,commit-search,3,0.01,maintainer,sap.com,,0,,,lfx
Greenhouse,all,,,Michael Reimsbach,,SAP,SAP,email-domain-name,3,0.01,,sap.com,,3,2025-08-21,2026-05-20,lfx
Greenhouse,all,,,Ganesh Kugulakrishnan,,SAP,SAP,same-person,3,0.01,,sap.com,,6,2026-06-19,2026-08-12,lfx
Greenhouse,all,,,goasl,goasl,SAP,SAP,commit-search,3,0.01,,sap.com,,0,,,lfx
Greenhouse,all,,,martawright,martawright,Individual,Individual,individual,2,0,,,,0,,,lfx
Greenhouse,all,,,Stefan Majewsky,majewsky,SAP,SAP,commit-search,2,0,,sap.com,,0,,,lfx
Greenhouse,all,,,rajiv,rajivmucheli,SAP,SAP,commit-search,2,0,,sap.com,,2,2024-03-26,2024-04-22,lfx
Greenhouse,all,,,Kevin Fischer,,Individual,Individual,individual,2,0,,,,1,2026-03-06,2026-03-06,lfx
Greenhouse,all,,,Frazia04,,SAP,SAP,same-person,2,0,,sap.com,,1,2026-08-11,2026-08-11,lfx
Greenhouse,all,,,I588032,,Individual,Individual,individual,2,0,,,,0,,,lfx
Greenhouse,all,,,Qaisar Khan,,SAP,SAP,email-domain-name,2,0,,sap.com,,2,2026-08-12,2026-08-13,lfx
Greenhouse,all,,,carmeroa,,Individual,Individual,individual,2,0,,,,0,,,lfx
Greenhouse,all,,,Aliaksei Dziauho,,Individual,Individual,individual,2,0,,,,0,,,lfx
Greenhouse,all,,,christianneu,christianneu,SAP,SAP,commit-search,2,0,,sap.com,SAP SE,1,2024-03-19,2024-03-19,lfx
Greenhouse,all,,,Timo Johlo,,Individual,Individual,individual,2,0,,,,0,,,lfx
Greenhouse,all,,,henrichter-sap,,SAP,Individual,personal-domain,2,0,,sap.com,,1,2026-09-07,2026-09-07,lfx
Greenhouse,all,,,Melvin Simmert,,NTT DATA,NTT DATA,same-person,2,0,,users.noreply.github.com,,5,2026-07-28,2026-09-08,lfx
Greenhouse,all,,,c5415956,,Individual,Individual,individual,2,0,,,,0,,,lfx
Greenhouse,all,,,Rajiv Mucheli,,Individual,Individual,individual,2,0,,,,0,,,lfx
Greenhouse,all,,,Dmitri Fedotov,,SAP,SAP,email-domain-name,2,0,,sap.com,,1,2026-08-10,2026-08-10,lfx
Greenhouse,all,,,I753292,christophrichtersap,SAP,SAP,commit-search,2,0,,sap.com,,0,,,lfx
Greenhouse,all,,,grzegorz-ciezkowski,,Individual,Individual,individual,2,0,,,,0,,,lfx
Greenhouse,all,,,Edrilan Berisha,,SAP,SAP,same-person,2,0,,sap.com,,1,2026-06-12,2026-06-12,lfx
Greenhouse,all,,,Rakib,,Individual,Individual,individual,2,0,,,,2,2026-04-09,2026-05-11,lfx
Greenhouse,all,,,Martin Schulze,,Eyepic,Eyepic,email-domain-name,2,0,,eyepic.de,,16,2022-08-17,2026-06-29,lfx
Greenhouse,all,,,Onur Yilmaz,,Individual,Individual,individual,2,0,,,,0,,,lfx
Greenhouse,all,,,Franz Heidl,,Franzheidl,Individual,personal-domain,2,0,,franzheidl.de,,584,2021-06-03,2026-09-02,lfx
Greenhouse,all,,,Vivek Thacker,,Individual,Individual,individual,2,0,,,,0,,,lfx
Greenhouse,all,,,vivekthacker007,,Individual,Individual,individual,2,0,,,,2,2026-08-14,2026-09-09,lfx
Greenhouse,all,,,Vivek Thacker,,Individual,Individual,individual,2,0,,,,0,,,lfx
Greenhouse,all,,,Onur Yilmaz,,Individual,Individual,individual,1,0,,,,0,,,lfx
Greenhouse,all,,,Theodor Ganescu,,ServerWorks,ServerWorks,same-person,1,0,,users.noreply.github.com,,1,2026-06-03,2026-06-03,lfx
Greenhouse,all,,,Victor Dorneanu,dorneanu,Dornea,Individual,personal-domain,1,0,,dornea.nu,,0,,,lfx
Greenhouse,all,,,👨‍💻,PhilippMatthes,Tu Dresden,Tu Dresden,commit-search,1,0,,tu-dresden.de,,0,,,lfx
Greenhouse,all,,,David Rochow,drochow,SAP,SAP,commit-search,1,0,,sap.com,,0,,,lfx
Greenhouse,all,,,kayrus,,Individual,Individual,individual,1,0,,,,0,,,lfx
Greenhouse,all,,,anastazya,,Individual,Individual,individual,1,0,,,,0,,,lfx
Greenhouse,all,,,Mikolaj Kucinski,,Individual,Individual,individual,1,0,,,,57,2025-07-11,2026-09-09,lfx
Greenhouse,all,,,Nelson Tavares de Sousa,,Neltds,Neltds,email-domain-name,1,0,,neltds.de,,1,2026-07-29,2026-07-29,lfx
Greenhouse,all,,,Nelson Tavares de Sousa,,Neltds,Neltds,email-domain-name,1,0,,neltds.de,,1,2026-07-29,2026-07-29,lfx
Greenhouse,all,,,jeoffzheng,,SAP,SAP,same-person,1,0,,sap.com,,1,2026-05-18,2026-05-18,lfx
Greenhouse,all,,,timojohlo,,Individual,Individual,individual,1,0,,,,0,,,lfx
Greenhouse,all,,,Jan Knipper,jknipper,SAP,SAP,commit-search,1,0,,sap.com,,0,,,lfx
Greenhouse,all,,,Wilton,,Individual,Individual,individual,1,0,,,,1,2026-08-25,2026-08-25,lfx
Greenhouse,all,,,Wilton de Oliveira Garcia,,Individual,Individual,individual,1,0,,,,0,,,lfx
Greenhouse,all,,,Kiryl Mishchuk,,Individual,Individual,individual,1,0,,,,0,,,lfx
Greenhouse,all,,,Christian Neu,,SAP,SAP,same-person,1,0,,sap.com,,1,2024-03-19,2024-03-19,lfx
Greenhouse,all,,,Paul Kröher,pkr4711,Cyberus Technology,Cyberus Technology,commit-search,1,0,,cyberus-technology.de,,0,,,lfx
Greenhouse,all,,,adic9000,adic9000,Individual,Individual,individual,1,0,,,,0,,,lfx
Greenhouse,all,,,hodanoori,,Individual,Individual,individual,1,0,,,,99,2023-12-04,2026-09-01,lfx
Greenhouse,all,,,Jonathan Schwarze,,SAP,SAP,email-domain-name,1,0,,sap.com,,144,2024-10-07,2026-08-26,lfx
Greenhouse,all,,,martaerudyk-cmd,martaerudyk-cmd,Individual,Individual,individual,1,0,,,,0,,,lfx
Greenhouse,all,,,jeoffzheng,,SAP,SAP,same-person,1,0,,sap.com,,1,2026-05-18,2026-05-18,lfx
Greenhouse,all,,,Michael Reimsbach,,SAP,SAP,email-domain-name,1,0,,sap.com,,3,2025-08-21,2026-05-20,lfx
Garden Linux,all,,,Florian Wilhelm,fwilhe,SAP,SAP,email-domain,941,10.23,,sap.com,,941,2023-05-22,2026-03-11,git
Garden Linux,all,,,Eike Waldt,yeoldegrove,B1 Systems,B1 Systems,email-domain,835,9.08,,b1-systems.de,b1-systems,835,2024-09-10,2026-09-10,git
Garden Linux,all,,,nkraetzschmar,nkraetzschmar,SAP,SAP,github-company,710,7.72,,users.noreply.github.com,SAP,710,2021-10-07,2026-08-28,git
Garden Linux,all,,,Stefan Catargiu,5kt,Individual,Individual,individual,637,6.93,,users.noreply.github.com,,637,2020-04-23,2026-09-08,git
Garden Linux,all,,,Andre Russ,gehoern,SAP,SAP,email-domain,515,5.6,,sap.com,,515,2020-03-11,2026-04-23,git
Garden Linux,all,,,Vincent Riesop,Vincinator,SAP,SAP,email-domain,479,5.21,,sap.com,gardener,479,2021-11-04,2026-08-17,git
Garden Linux,all,,,Christian Cwienk,ccwienk,SAP,SAP,email-domain,453,4.93,,sap.com,SAP,453,2020-03-16,2022-12-22,git
Garden Linux,all,,,package_aggregator,,Garden Linux,Garden Linux,email-domain-name,331,3.6,,gardenlinux.io,,331,2024-08-08,2025-06-30,git
Garden Linux,all,,,Matthias Klose,doko42,Canonical,Canonical,email-domain,279,3.03,,ubuntu.com,,279,2018-12-05,2025-04-24,git
Garden Linux,all,,,Tobias Wolf,NotTheEvilOne,B1 Systems,B1 Systems,email-domain,223,2.43,,b1-systems.de,,223,2020-11-17,2026-08-19,git
Garden Linux,all,,,Georgi Chulkov,Gchbg,SAP,SAP,email-domain,207,2.25,,sap.com,,207,2020-12-18,2026-09-09,git
Garden Linux,all,,,Tobias Jungel,toanju,Individual,Individual,individual,202,2.2,,users.noreply.github.com,,202,2024-09-30,2026-08-21,git
Garden Linux,all,,,Florian,gyptazy,credativ,credativ,email-domain,200,2.18,,credativ.de,,200,2022-01-20,2024-02-14,git
Garden Linux,all,,,Tiara Lena Hock,ByteOtter,B1 Systems,B1 Systems,email-domain,176,1.91,,b1-systems.de,B1 Systems GmbH,176,2025-07-16,2026-09-07,git
Garden Linux,all,,,Andreas Burger,AndreasBurger,SAP,SAP,email-domain,164,1.78,,sap.com,SAP SE,164,2020-04-29,2022-10-17,git
Garden Linux,all,,,jensh007,jensh007,SAP,SAP,email-domain,159,1.73,,sap.com,,159,2021-04-13,2022-03-02,git
Garden Linux,all,,,Moritz Kirchner,moritzkirchnersap,SAP,SAP,email-domain,155,1.69,,sap.com,,155,2025-01-20,2026-09-08,git
Garden Linux,all,,,Saubhik Datta,saubhikdattagithub,Individual,Individual,individual,153,1.66,,users.noreply.github.com,,153,2025-04-22,2026-09-08,git
Garden Linux,all,,,Vivus Ignis,vivus-ignis,Individual,Individual,individual,146,1.59,,posteo.de,,146,2025-08-14,2026-09-10,git
Garden Linux,all,,,akendo,Akendo,Akendo,Individual,personal-domain,142,1.54,,akendo.eu,,142,2024-05-08,2026-09-10,git
Garden Linux,all,,,Thomas Buchner,MrBatschner,SAP,SAP,email-domain,139,1.51,,sap.com,,139,2021-07-20,2025-06-02,git
Garden Linux,all,,,Dirk Marwinski,marwinski,SAP,SAP,email-domain,138,1.5,,sap.com,,138,2020-03-11,2022-09-22,git
Garden Linux,all,,,Jeremy Kerr,,Canonical,Canonical,email-domain-name,125,1.36,,canonical.com,,125,2012-04-23,2012-11-13,git
Garden Linux,all,,,Malte Münch,,B1 Systems,B1 Systems,email-domain-name,103,1.12,,b1-systems.de,,103,2024-08-05,2024-12-05,git
Garden Linux,all,,,Darren Hague,dhague,SAP,SAP,email-domain,100,1.09,,sap.com,,100,2023-12-07,2026-08-11,git
Garden Linux,all,,,Christoph Senkel,chrinorse-work,credativ,credativ,email-domain,96,1.04,,credativ.de,,96,2022-02-08,2023-12-21,git
Garden Linux,all,,,SujanaSubr,SujanaSubr,SAP,SAP,email-domain,95,1.03,,sap.com,,95,2025-07-22,2026-08-17,git
Garden Linux,all,,,Tobias Wolf,nottheevilone,B1 Systems,B1 Systems,email-domain-name,90,0.98,,b1-systems.de,,90,2024-11-28,2026-09-07,git
Garden Linux,all,,,Bernd Ritter,commel,B1 Systems,B1 Systems,email-domain,81,0.88,,b1-systems.de,b1-systems,81,2025-08-25,2026-08-31,git
Garden Linux,all,,,Fabian Wiesel,fwiesel,SAP,SAP,email-domain,72,0.78,,sap.com,SAP SE,72,2024-03-22,2026-03-05,git
Garden Linux,all,,,Christoph Senkel,chrinorse,credativ,credativ,email-domain-name,68,0.74,,credativ.de,,68,2022-04-07,2023-12-13,git
Garden Linux,all,,,Akendo,akendo,Akendo,Individual,personal-domain,64,0.7,,akendo.eu,,64,2024-07-15,2026-07-24,git
Garden Linux,all,,,Sascha Schmerling,sh4sm,SAP,SAP,email-domain,61,0.66,,sap.com,,61,2026-02-16,2026-09-08,git
Garden Linux,all,,,Bastian Blank,,NetApp,NetApp,email-domain-name,51,0.55,,netapp.com,,96,2021-06-23,2023-12-19,git
Garden Linux,all,,,Michael Sprengel,nanory,credativ,credativ,email-domain,50,0.54,,credativ.de,,50,2022-01-20,2023-12-22,git
Garden Linux,all,,,Malte Janduda,MalteJ,Janduda,Individual,personal-domain,48,0.52,,janduda.net,SAP,48,2020-03-08,2023-06-20,git
Garden Linux,all,,,Vladimir Petko,vpa1977,Canonical,Canonical,email-domain,46,0.5,,canonical.com,,46,2024-07-11,2025-03-09,git
Garden Linux,all,,,Leon Kniffki,Leon-hk,SAP,SAP,email-domain,43,0.47,,sap.com,,43,2025-06-11,2026-02-26,git
Garden Linux,all,,,Bastian Blank,credbbl,credativ,credativ,email-domain,43,0.47,,credativ.de,credativ,43,2021-06-23,2022-12-08,git
Garden Linux,all,,,Fabian Koller,anokfireball,Kthxbye,Kthxbye,email-domain,41,0.45,,kthxbye.cyou,,41,2025-06-25,2026-07-16,git
Garden Linux,all,,,Garden Linux Builder,gardenlinux,Individual,Individual,individual,39,0.42,,users.noreply.github.com,,39,2025-08-02,2026-07-25,git
Garden Linux,all,,,Dmitri Fedotov,defo89,SAP,SAP,email-domain,31,0.34,,sap.com,,31,2022-11-30,2025-05-02,git
Garden Linux,all,,,Andrew Karpow,notandy,SAP,SAP,email-domain,30,0.33,,sap.com,SAP,30,2023-01-23,2025-08-18,git
Garden Linux,all,,,James Bottomley,jejb,Hansen Partnership,Hansen Partnership,email-domain,30,0.33,,hansenpartnership.com,,30,2016-01-27,2023-03-19,git
Garden Linux,all,,,Denis Brdjanin,brdanin,SAP,SAP,email-domain,23,0.25,,sap.com,,23,2024-02-02,2026-09-10,git
Garden Linux,all,,,Gardener Robot,gardener-robot,Individual,Individual,individual,21,0.23,,users.noreply.github.com,,21,2023-03-03,2023-11-06,git
Garden Linux,all,,,paul,eigenpaul,B1 Systems,B1 Systems,email-domain,20,0.22,,b1-systems.de,,20,2024-11-14,2025-03-18,git
Garden Linux,all,,,mchristianl,mchristianl,Tu Berlin,Tu Berlin,email-domain,19,0.21,,tet.tu-berlin.de,,19,2025-07-02,2025-12-10,git
Garden Linux,all,,,Leon,leon-hk,SAP,SAP,commit-search,18,0.2,,sap.com,,18,2025-06-02,2026-03-03,git
Garden Linux,all,,,Philip Meier,pmeier,openteams-ai,openteams-ai,github-company,18,0.2,,posteo.de,openteams-ai,18,2022-05-21,2025-06-11,git
Garden Linux,all,,,Michael Banck,mbanck-cd,credativ,credativ,email-domain,15,0.16,,credativ.de,,15,2021-04-09,2021-10-06,git
Garden Linux,all,,,Jerry Jia,jia-jerry,SAP,SAP,email-domain,13,0.14,,sap.com,,13,2020-05-27,2022-05-10,git
Garden Linux,all,,,Matthias Sohn,msohn,SAP,SAP,email-domain,13,0.14,,sap.com,SAP,13,2020-03-20,2021-09-28,git
Garden Linux,all,,,Vladimir Nachev,vpnachev,SAP,SAP,email-domain,13,0.14,,sap.com,,13,2020-04-24,2021-06-25,git
Garden Linux,all,,,Dimitri Nanos,dnan0s,Individual,Individual,individual,12,0.13,,users.noreply.github.com,,12,2022-03-14,2022-08-15,git
Garden Linux,all,,,Thomas Mangold,tmang0ld,SAP,SAP,email-domain,11,0.12,,sap.com,SAP SE,11,2025-07-09,2026-08-06,git
Garden Linux,all,,,Lior Okman,liorokman,SAP,SAP,commit-search,11,0.12,,sap.com,SAP,11,2020-04-22,2020-09-16,git
Garden Linux,all,,,Pavel Pavlov,pnpavlov,SAP,SAP,commit-search,10,0.11,,sap.com,,10,2024-06-18,2025-08-03,git
Garden Linux,all,,,James Bottomley,,Hansen Partnership,Hansen Partnership,email-domain-name,10,0.11,,hansenpartnership.com,,40,2012-06-25,2023-03-19,git
Garden Linux,all,,,Janos Binder,janosbinder,SAP,SAP,email-domain,9,0.1,,sap.com,,9,2024-08-05,2026-04-24,git
Garden Linux,all,,,Martin Zobel-Helas,zobelhelas,credativ,credativ,email-domain,9,0.1,,credativ.de,,9,2022-01-28,2022-06-15,git
Garden Linux,all,,,dkistner,dkistner,SAP,SAP,email-domain,7,0.08,,sap.com,,7,2020-06-05,2020-07-10,git
Garden Linux,all,,,Michael Sprengel,,credativ,credativ,email-domain-name,6,0.07,,credativ.de,,56,2022-01-20,2023-12-22,git
Garden Linux,all,,,Damyan Yordanov,damyan,SAP,SAP,email-domain,5,0.05,,sap.com,SAP @IronCore,5,2021-10-22,2024-11-05,git
Garden Linux,all,,,Florian Paul Azim Hoberg,,credativ,credativ,email-domain-name,5,0.05,,credativ.de,,173,2022-01-20,2023-11-30,git
Garden Linux,all,,,adaevitncar,adaevitncar,credativ,credativ,email-domain,5,0.05,,credativ.de,credativ,5,2022-09-28,2022-12-09,git
Garden Linux,all,,,ubi2go,ubi2go,Clyso,Clyso,email-domain,5,0.05,,clyso.com,Clyso GmbH,5,2021-06-24,2021-09-10,git
Garden Linux,all,,,root,,Hybris,Hybris,email-domain-name,5,0.05,,test1234.yrd.fra.hybris.com,,5,2020-04-06,2021-04-16,git
Garden Linux,all,,,Leonard Lorenz,mtrx1337,SAP,SAP,email-domain,5,0.05,,sap.com,Senior Developer,5,2020-10-30,2020-11-16,git
Garden Linux,all,,,Christian Berendt,berendt,23Technologies,23Technologies,email-domain,5,0.05,,23technologies.cloud,,5,2020-10-31,2020-11-03,git
Garden Linux,all,,,Dieter Guendisch,dguendisch,SAP,SAP,email-domain,5,0.05,,sap.com,,5,2020-05-04,2020-07-14,git
Garden Linux,all,,,Maximilian Moehl,maxmoehl,Moehl,Individual,personal-domain,4,0.04,,moehl.eu,SAP,4,2026-02-17,2026-07-17,git
Garden Linux,all,,,Nikolas Krätzschmar,,Individual,Individual,individual,4,0.04,,,,4,2022-01-17,2022-12-23,git
Garden Linux,all,,,ignis,,Manticore,Manticore,email-domain-name,4,0.04,,manticore,,4,2025-08-13,2025-08-13,git
Garden Linux,all,,,Patrick Huy,patrickhuy,SAP,SAP,commit-search,3,0.03,,sap.com,SAP,3,2023-12-13,2023-12-14,git
Garden Linux,all,,,Julian Stecklina,blitz,Cyberus Technology,Cyberus Technology,email-domain,3,0.03,,cyberus-technology.de,cyberus-technology,3,2024-06-26,2024-06-27,git
Garden Linux,all,,,Lev Goncharov,ultral,Goncharov,Individual,personal-domain,3,0.03,,goncharov.xyz,T-Systems,3,2022-08-05,2023-01-09,git
Garden Linux,all,,,Debian,,Compute,Compute,email-domain-name,3,0.03,,ip-172-31-15-110.eu-central-1.compute.internal,,3,2020-04-21,2021-03-31,git
Garden Linux,all,,,gardener-botmanager,gardener-botmanager,Individual,Individual,individual,3,0.03,,users.noreply.github.com,,3,2020-04-15,2020-04-15,git
Garden Linux,all,,,Ard Biesheuvel,,Linaro,Linaro,email-domain-name,3,0.03,,linaro.org,,3,2016-01-27,2016-01-27,git
Garden Linux,all,,,Ivan Hu,Ivanhu5866,Canonical,Canonical,email-domain,3,0.03,,canonical.com,,3,2012-06-19,2012-06-20,git
Garden Linux,all,,,Tobias,Shegox,SAP,SAP,email-domain,2,0.02,,sap.com,SAP,2,2021-11-11,2025-04-11,git
Garden Linux,all,,,Bastian,walditm,Thinkmo,Thinkmo,commit-search,2,0.02,,thinkmo.de,,2,2022-06-29,2022-11-18,git
Garden Linux,all,,,Frederik Thormaehlen,ThormaehlenFred,SAP,SAP,email-domain,2,0.02,,sap.com,SAP SE,2,2021-01-20,2021-11-04,git
Garden Linux,all,,,Bobrow,Bobrow,SAP,SAP,email-domain,2,0.02,,sap.com,,2,2020-11-13,2020-11-16,git
Garden Linux,all,,,Vedran Lerenc,vlerenc,SAP,SAP,commit-search,2,0.02,,sap.com,SAP SE,2,2020-04-15,2020-04-15,git
Garden Linux,all,,,Johannes Hübner,b1-huebner,B1 Systems,B1 Systems,email-domain,2,0.02,,b1-systems.de,,2,2025-02-18,2025-02-27,git
Garden Linux,all,,,Bastian Blank,waldiTM,Thinkmo,Thinkmo,email-domain,2,0.02,,thinkmo.de,,2,2021-06-23,2021-06-23,git
Garden Linux,all,,,Sebastian Heinzenburger,,SAP,SAP,email-domain-name,2,0.02,,sap.com,,2,2026-01-28,2026-02-13,git
Garden Linux,all,,,kostiak,kostiak,Onetwotrade,Onetwotrade,commit-search,2,0.02,,onetwotrade.com,,2,2024-07-31,2024-08-01,git
Garden Linux,all,,,Steve Langasek,vorlonofportland,Canonical,Canonical,email-domain,2,0.02,,canonical.com,CanonicalLtd,2,2015-07-15,2016-01-27,git
Garden Linux,all,,,Tiago Stürmer Daitx,tdaitx,Individual,Individual,individual,2,0.02,,gmail.com,,2,2020-10-08,2020-10-08,git
Garden Linux,all,,,Orlix,orlinvasilev,Orlix,Individual,personal-domain,1,0.01,,orlix.org,suse @rancherlabs,1,2026-06-18,2026-06-18,git
Garden Linux,all,,,henrichter-sap,henrichter-sap,SAP,Individual,personal-domain,1,0.01,,sap.com,,1,2026-08-19,2026-08-19,git
Garden Linux,all,,,Scott Watson,rscottwatson,Individual,Individual,individual,1,0.01,,gmail.com,,1,2025-09-09,2025-09-09,git
Garden Linux,all,,,SujanaS,sujanasubramaniam,Intel,Intel,email-domain,1,0.01,,intel.com,,1,2025-07-28,2025-07-28,git
Garden Linux,all,,,Kolya Opahle,kolyaopahle,SAP,SAP,email-domain,1,0.01,,sap.com,SAP,1,2025-02-24,2025-02-24,git
Garden Linux,all,,,Anurag Negi,i323878,SAP,SAP,commit-search,1,0.01,,sap.com,,1,2024-05-24,2024-05-24,git
Garden Linux,all,,,Johannes Schneider,Johannes-Schneider,Individual,Individual,individual,1,0.01,,web.de,,1,2024-05-08,2024-05-08,git
Garden Linux,all,,,Евгени Димитров,iddpd,SAP,SAP,commit-search,1,0.01,,sap.com,,1,2026-07-14,2026-07-14,git
Garden Linux,all,,,Chris Patterson,cjp256,Microsoft,Microsoft,commit-search,1,0.01,,microsoft.com,Microsoft,1,2025-07-03,2025-07-03,git
Garden Linux,all,,,p53,p53,T Systems,T Systems,commit-search,1,0.01,,external.t-systems.com,,1,2025-02-06,2025-02-06,git
Garden Linux,all,,,Markus Gürtler,mguertler,Guertler,Guertler,email-domain,1,0.01,,guertler.org,B1 Systems GmbH,1,2024-11-05,2024-11-05,git
Garden Linux,all,,,Kyr Shatskyy,kshtsk,Individual,Individual,individual,1,0.01,,gmail.com,,1,2024-06-28,2024-06-28,git
Garden Linux,all,,,Jens,sandzwerg,SAP,SAP,commit-search,1,0.01,,sap.com,,1,2023-05-31,2023-05-31,git
Garden Linux,all,,,kayrus,kayrus,Individual,Individual,individual,1,0.01,,users.noreply.github.com,,1,2023-02-01,2023-02-01,git
Garden Linux,all,,,florian.hoberg@credativ.de,,Florian Paul Azim Hoberg,Florian Paul Azim Hoberg,email-domain-name,1,0.01,,florian paul azim hoberg,,1,2022-09-05,2022-09-05,git
Garden Linux,all,,,Jan von Löwenstein,loewenstein-sap,SAP,SAP,email-domain,1,0.01,,sap.com,,1,2022-05-23,2022-05-23,git
Garden Linux,all,,,Grigoriy Mikhalkin,GrigoriyMikhalkin,Individual,Individual,individual,1,0.01,,gmail.com,,1,2022-02-14,2022-02-14,git
Garden Linux,all,,,zabarabab,zabarabab,Villa Vogelsang,Villa Vogelsang,email-domain,1,0.01,,villa-vogelsang.de,,1,2022-01-24,2022-01-24,git
Garden Linux,all,,,clyann,clyann,Individual,Individual,individual,1,0.01,,users.noreply.github.com,,1,2021-11-08,2021-11-08,git
Garden Linux,all,,,vagrant,,Debian11,Debian11,email-domain-name,1,0.01,,debian11.localdomain,,1,2021-11-04,2021-11-04,git
Garden Linux,all,,,Dominik George,,credativ,credativ,email-domain-name,1,0.01,,credativ.de,,1,2021-08-18,2021-08-18,git
Garden Linux,all,,,akutz,akutz,VMware,VMware,email-domain,1,0.01,,vmware.com,vmware,1,2021-07-18,2021-07-18,git
Garden Linux,all,,,Mickey Rose,lightmare,Individual,Individual,individual,1,0.01,,users.noreply.github.com,,1,2021-03-23,2021-03-23,git
Garden Linux,all,,,MSailer,msailer,Individual,Individual,individual,1,0.01,,users.noreply.github.com,,1,2020-10-12,2020-10-12,git
Garden Linux,all,,,lcavajani,,SUSE,SUSE,email-domain-name,1,0.01,,suse.com,,1,2020-08-11,2020-08-11,git
Garden Linux,all,,,Arch Oversight,archoversight,SAP,SAP,email-domain,1,0.01,,sapns2.com,,1,2020-08-05,2020-08-05,git
Garden Linux,all,,,Andre Russ,,SAP,SAP,email-domain-name,1,0.01,,sap.com,,516,2020-03-11,2026-04-23,git
Garden Linux,all,,,Daniel Foehr,danielfoehrKn,SAP,SAP,email-domain,1,0.01,,sap.com,,1,2020-06-08,2020-06-08,git
Garden Linux,all,,,Sebastian Stauch,DockToFuture,SAP,SAP,email-domain,1,0.01,,sap.com,,1,2020-05-28,2020-05-28,git
Garden Linux,all,,,Jessica Palin-Riot,jpalinriot,SAP,SAP,email-domain,1,0.01,,sap.com,,1,2020-05-27,2020-05-27,git
Garden Linux,all,,,Kristian Zhelyazkov,,SAP,SAP,email-domain-name,1,0.01,,sap.com,,1,2020-04-30,2020-04-30,git
Garden Linux,all,,,Nils Schmidt,nachtmaar,SAP,SAP,email-domain,1,0.01,,sap.com,SAP,1,2020-04-24,2020-04-24,git
Garden Linux,all,,,Tim Schrodi,,SAP,SAP,email-domain-name,1,0.01,,sap.com,,1,2020-04-18,2020-04-18,git
Garden Linux,all,,,GitHub Actions,actions-user,actions,actions,github-company,1,0.01,,github.com,actions,1,2025-01-23,2025-01-23,git
Garden Linux,all,,,Uri Shaked,urish,Urishaked,Individual,personal-domain,1,0.01,,urishaked.com,Uri Shaked,1,2023-11-21,2023-11-21,git
Garden Linux,all,,,Simone Ripamonti,ripa1993,Bitrock,Bitrock,commit-search,1,0.01,,bitrock.it,,1,2023-04-28,2023-04-28,git
Garden Linux,all,,,sramapu,sramapu,Individual,Individual,individual,1,0.01,,users.noreply.github.com,,1,2026-09-08,2026-09-08,git
Garden Linux,all,,,Jeremi Piotrowski,jepio,Individual,Individual,individual,1,0.01,,gmail.com,,1,2021-09-27,2021-09-27,git
Garden Linux,all,,,Andreas Schwab,andreas-schwab,SUSE,SUSE,email-domain,1,0.01,,suse.de,,1,2021-06-04,2021-06-04,git
Garden Linux,all,,,Daniel Axtens,daxtens,Axtens,Individual,personal-domain,1,0.01,,axtens.net,,1,2022-02-21,2022-02-21,git
Garden Linux,all,,,dann frazier,,Canonical,Canonical,email-domain-name,1,0.01,,canonical.com,,1,2020-08-12,2020-08-12,git
Garden Linux,all,,,AKASHI Takahiro,,Linaro,Linaro,email-domain-name,1,0.01,,linaro.org,,1,2020-06-04,2020-06-04,git
Garden Linux,all,,,Laszlo Ersek,,Red Hat,Red Hat,email-domain-name,1,0.01,,redhat.com,,1,2020-01-09,2020-01-09,git
Garden Linux,all,,,Steve McIntyre,steve-mcintyre,Debian,Debian,email-domain,1,0.01,,debian.org,,1,2019-04-19,2019-04-19,git
Garden Linux,all,,,Guy Lunardi,,Linux,Linux,email-domain-name,1,0.01,,linux.com,,1,2018-02-20,2018-02-20,git
Garden Linux,all,,,Ben Hutchings,bwhacks,Decadent,Decadent,email-domain,1,0.01,,decadent.org.uk,,1,2016-06-26,2016-06-26,git
Garden Linux,all,,,Mathieu Trudel-Lapierre,,Canonical,Canonical,email-domain-name,1,0.01,,canonical.com,,1,2016-01-27,2016-01-27,git
Garden Linux,all,,,Linn Crosetto,,Hpe,Hpe,email-domain-name,1,0.01,,hpe.com,,1,2015-10-27,2015-10-27,git
Garden Linux,all,,,Maxim Kammerer,,Dee,Dee,email-domain-name,1,0.01,,dee.su,,1,2012-08-04,2012-08-04,git
Garden Linux,all,,,Adam Conrad,adconrad,0C3,0C3,email-domain,1,0.01,,0c3.net,,1,2012-05-29,2012-05-29,git
Platform Mesh,all,,,Bastian Echterhölter,nexus49,SAP,SAP,email-domain,7759,19.5,maintainer,sap.com,,1634,2024-03-06,2026-06-21,lfx
Platform Mesh,all,,,Nelo-T. Wallus,ntnn,SAP,SAP,email-domain,6046,15.2,maintainer,sap.com,SAP SE,969,2025-08-15,2026-08-28,lfx
Platform Mesh,all,,,Angel Kafazov,akafazov,CST,CST,email-domain,4811,12.09,,cst-bg.net,,824,2024-05-23,2026-09-08,lfx
Platform Mesh,all,,,Aaron Schweig,aaronschweig,SAP,SAP,email-domain,2684,6.75,maintainer,sap.com,SAP,552,2024-04-09,2026-09-04,lfx
Platform Mesh,all,,,Oleg Ershov,OlegErshov,Individual,Individual,individual,1766,4.44,,gmail.com,,84,2025-07-14,2026-09-03,lfx
Platform Mesh,all,,,Christoph Lameter,xrstf,Kubermatic,Kubermatic,email-domain,1424,3.58,,kubermatic.com,Kubermatic,169,2026-02-13,2026-08-28,lfx
Platform Mesh,all,,,Mangirdas Judeikis,mjudeikis,Judeikis,Individual,personal-domain,1367,3.44,maintainer,judeikis.lt,synpse-hq @kcp-dev @kube-bind @faroshq,154,2025-09-25,2026-09-08,lfx
Platform Mesh,all,,,gkrajniak,gkrajniak,Individual,Individual,individual,1221,3.07,,gmail.com,,168,2025-07-03,2026-09-08,lfx
Platform Mesh,all,,,Sobyt483,Sobyt483,Individual,Individual,individual,1124,2.83,,mail.ru,,64,2025-08-20,2026-08-14,lfx
Platform Mesh,all,,,makdeniss,makdeniss,Mac,Mac,email-domain-name,859,2.16,,mac.lan,,137,2025-08-08,2026-05-21,lfx
Platform Mesh,all,,,Simon Tesar,simt2,Simontesar,Individual,personal-domain,823,2.07,,simontesar.com,,78,2026-01-07,2026-06-26,lfx
Platform Mesh,all,,,Marko Mudrinić,xmudrii,kubermatic,Kubermatic,github-company,799,2.01,,gmail.com,kubermatic,123,2025-12-01,2026-09-01,lfx
Platform Mesh,all,,,Mirza Kopic,mirzakopic,SAP,SAP,email-domain,762,1.92,maintainer,sap.com,,134,2024-09-27,2026-05-28,lfx
Platform Mesh,all,,,Platform Mesh Technical User,,Individual,Individual,individual,569,1.43,,,,682,2025-08-28,2026-09-10,lfx
Platform Mesh,all,,,gkrajniaksap,gkrajniaksap,SAP,Individual,personal-domain,500,1.26,,sap.com,,45,2025-07-01,2026-03-19,lfx
Platform Mesh,all,,,platform-mesh-publisher,platform-mesh-publisher,Individual,Individual,individual,458,1.15,,,,3597,2025-07-09,2026-06-19,lfx
Platform Mesh,all,,,Mustafa Mustafa,Elbehery,SAP,SAP,email-domain,373,0.94,,sap.com,,73,2026-05-29,2026-08-21,lfx
Platform Mesh,all,,,FWuermse,FWuermse,SAP,SAP,email-domain,271,0.68,,sap.com,SAP,44,2025-11-18,2026-08-26,lfx
Platform Mesh,all,,,kekcleader,kekcleader,Individual,Individual,individual,267,0.67,,gmail.com,,116,2025-02-25,2025-10-13,lfx
Platform Mesh,all,,,Robert Vasek,gman0,Cern,Cern,commit-search,266,0.67,,cern.ch,,31,2026-04-18,2026-08-31,lfx
Platform Mesh,all,,,Karol Szwaj,cnvergence,Kubermatic,Kubermatic,github-company,264,0.66,,gmail.com,Kubermatic,27,2025-09-22,2026-09-09,lfx
Platform Mesh,all,,,philtk79,philtk79,Individual,Individual,individual,260,0.65,,users.noreply.github.com,,63,2026-01-26,2026-09-07,lfx
Platform Mesh,all,,,Oleg Ershov,,Individual,Individual,individual,258,0.65,,,,289,2025-07-14,2026-09-03,lfx
Platform Mesh,all,,,Grzegorz Krajniak,,SAP,SAP,email-domain-name,253,0.64,,sap.com,,213,2025-07-01,2026-09-08,lfx
Platform Mesh,all,,,Artem Shcherbatiuk,,Individual,Individual,individual,237,0.6,,,,145,2024-05-23,2025-10-21,lfx
Platform Mesh,all,,,Artur Efimov,,Individual,Individual,individual,206,0.52,,,,0,,,lfx
Platform Mesh,all,,,MoD Stellmacher,Perseus985,Stellmacher,Individual,personal-domain,201,0.51,,stellmacher.xyz,,28,2026-07-13,2026-09-07,lfx
Platform Mesh,all,,,Aleh Yarshou,,Individual,Individual,individual,201,0.51,,,,0,,,lfx
Platform Mesh,all,,,Grzegorz Krajniak,,SAP,SAP,email-domain-name,188,0.47,,sap.com,,213,2025-07-01,2026-09-08,lfx
Platform Mesh,all,,,vertex451,vertex451,Individual,Individual,individual,186,0.47,,gmail.com,,145,2024-05-23,2025-10-21,lfx
Platform Mesh,all,,,Deniss Makarenkov,,Individual,Individual,individual,163,0.41,,,,0,,,lfx
Platform Mesh,all,,,Peter Teich,pteich,SAP,SAP,email-domain,159,0.4,,sap.com,,45,2025-10-07,2026-08-26,lfx
Platform Mesh,all,,,Mustafa Elbehery,,SAP,SAP,email-domain-name,153,0.38,,sap.com,,73,2026-05-29,2026-08-21,lfx
Platform Mesh,all,,,Sobyt483,,Individual,Individual,individual,147,0.37,,,,180,2025-08-20,2026-09-10,lfx
Platform Mesh,all,,,iakmc,iakmc,Kubermatic,Kubermatic,email-domain,143,0.36,,kubermatic.com,,31,2026-02-10,2026-09-08,lfx
Platform Mesh,all,,,platform-mesh-approver,platform-mesh-approver,Individual,Individual,individual,143,0.36,,,,0,,,lfx
Platform Mesh,all,,,Wiktor Chomik,wchomik,SAP,SAP,email-domain,137,0.34,,sap.com,,14,2025-11-03,2025-12-15,lfx
Platform Mesh,all,,,Platform Mesh Technical User,,Individual,Individual,individual,113,0.28,,,,682,2025-08-28,2026-09-10,lfx
Platform Mesh,all,,,Boris Marinov,,Individual,Individual,individual,108,0.27,,,,50,2026-07-02,2026-09-02,lfx
Platform Mesh,all,,,pm-tech-user,pm-tech-user,Individual,Individual,individual,101,0.25,,gmail.com,,569,2025-10-30,2026-09-10,lfx
Platform Mesh,all,,,Leidy Patricia Garzón Rodriguez,lpgarzonr,SAP,SAP,email-domain,98,0.25,,sap.com,SAP,16,2024-04-05,2026-08-31,lfx
Platform Mesh,all,,,brsmnv,brsmnv,Individual,Individual,individual,96,0.24,,proton.me,,50,2026-07-02,2026-09-02,lfx
Platform Mesh,all,,,MoD Stellmacher,,Individual,Individual,individual,89,0.22,,,,0,,,lfx
Platform Mesh,all,,,Nikita R.,nuromirg,SAP,SAP,email-domain,84,0.21,,sap.com,,17,2025-04-08,2026-08-13,lfx
Platform Mesh,all,,,Sobyt483,,Individual,Individual,individual,80,0.2,,,,180,2025-08-20,2026-09-10,lfx
Platform Mesh,all,,,Till,,Individual,Individual,individual,75,0.19,,,,63,2026-01-26,2026-09-07,lfx
Platform Mesh,all,,,tobias-oetzel,tobias-oetzel,SAP,SAP,email-domain,72,0.18,,sap.com,,32,2024-04-04,2026-08-07,lfx
Platform Mesh,all,,,Igor Fominykh,ifdotpy,SAP,SAP,email-domain,64,0.16,,sap.com,,10,2026-04-22,2026-08-26,lfx
Platform Mesh,all,,,Simon Bein,simontheleg,Individual,Individual,individual,62,0.16,,,,11,2025-10-24,2026-07-24,lfx
Platform Mesh,all,,,Cyrill Berg,BergCyrill,Opendefense,Opendefense,email-domain,62,0.16,,opendefense.cloud,,12,2026-07-22,2026-09-07,lfx
Platform Mesh,all,,,Steffen,sk31337,SAP,SAP,commit-search,58,0.15,,sap.com,SAP,1,2026-01-20,2026-01-20,lfx
Platform Mesh,all,,,Florian Wuermseer,,SAP,SAP,email-domain-name,57,0.14,,sap.com,,28,2026-04-21,2026-08-26,lfx
Platform Mesh,all,,,vzipf,vzipf,SAP,SAP,email-domain,56,0.14,,sap.com,,8,2026-03-27,2026-08-31,lfx
Platform Mesh,all,,,Artem Shcherbatiuk,,Individual,Individual,individual,56,0.14,,,,145,2024-05-23,2025-10-21,lfx
Platform Mesh,all,,,meng,mengliwg,Individual,Individual,individual,54,0.14,,users.noreply.github.com,,7,2026-06-19,2026-09-01,lfx
Platform Mesh,all,,,Kevin Stellmacher,,Stellmacher,Individual,personal-domain,49,0.12,,stellmacher.xyz,,70,2026-04-16,2026-09-07,lfx
Platform Mesh,all,,,Leidy Patricia Garzon Rodriguez,,SAP,SAP,same-person,45,0.11,,sap.com,,7,2024-04-05,2026-07-28,lfx
Platform Mesh,all,,,Theodor Ganescu,anastazya,ServerWorks,ServerWorks,github-company,43,0.11,,users.noreply.github.com,ServerWorks,14,2026-07-27,2026-09-08,lfx
Platform Mesh,all,,,ogligorov,ogligorov,SAP,SAP,email-domain,39,0.1,,sap.com,SAP,16,2024-08-23,2026-08-10,lfx
Platform Mesh,all,,,Peter Teich,,SAP,SAP,email-domain-name,35,0.09,,sap.com,,37,2026-03-11,2026-08-26,lfx
Platform Mesh,all,,,SimonBurmer,SimonBurmer,SAP,SAP,email-domain,34,0.09,,sap.com,SAP,1,2026-04-21,2026-04-21,lfx
Platform Mesh,all,,,Roman,hellsontime,Individual,Individual,individual,34,0.09,,gmail.com,,18,2026-07-29,2026-09-03,lfx
Platform Mesh,all,,,Raman Kanapeshka,,Individual,Individual,individual,33,0.08,,,,0,,,lfx
Platform Mesh,all,,,Florian Würmseer,,Individual,Individual,individual,31,0.08,,,,16,2025-11-18,2026-06-08,lfx
Platform Mesh,all,,,makdeniss,,Mac,Mac,email-domain-name,31,0.08,,mac.lan,,165,2025-08-08,2026-05-21,lfx
Platform Mesh,all,,,ducke,,Team Orca,Team Orca,email-domain-name,29,0.07,,team-orca.dev,,14,2026-07-21,2026-07-22,lfx
Platform Mesh,all,,,Tobias Oetzel,,SAP,SAP,email-domain-name,26,0.07,,sap.com,,32,2024-04-04,2026-08-07,lfx
Platform Mesh,all,,,Ali Khlifi,,Individual,Individual,individual,24,0.06,,,,22,2024-10-01,2025-03-13,lfx
Platform Mesh,all,,,tobias-oetzel,,SAP,SAP,email-domain-name,23,0.06,,sap.com,,32,2024-04-04,2026-08-07,lfx
Platform Mesh,all,,,Frederic Wilhelm,frewilhelm,SAP,SAP,email-domain,22,0.06,,sap.com,SAP SE,6,2026-03-31,2026-03-31,lfx
Platform Mesh,all,,,Ajinkya Patil,ajinkyapatil8190,SAP,SAP,email-domain,21,0.05,,sap.com,"SAP SE, Germany",18,2025-02-13,2026-02-22,lfx
Platform Mesh,all,,,j-holub,j-holub,Individual,Individual,individual,19,0.05,,gmx.net,,2,2026-01-14,2026-08-13,lfx
Platform Mesh,all,,,Klaus Kiefer,klaus-sap,SAP,SAP,email-domain,19,0.05,,sap.com,SAP SE,1,2026-05-11,2026-05-11,lfx
Platform Mesh,all,,,Moritz Marby,n3rdc4ptn,SAP,SAP,email-domain,18,0.05,,sap.com,sap,11,2025-02-19,2026-04-15,lfx
Platform Mesh,all,,,Theodor Ganescu,,ServerWorks,ServerWorks,same-person,18,0.05,,users.noreply.github.com,,14,2026-07-27,2026-09-08,lfx
Platform Mesh,all,,,Jordan Ole Gligorov,,SAP,SAP,email-domain-name,18,0.05,,sap.com,,16,2024-08-23,2026-08-10,lfx
Platform Mesh,all,,,Cyrill Berg,,Opendefense,Opendefense,email-domain-name,18,0.05,,opendefense.cloud,,12,2026-07-22,2026-09-07,lfx
Platform Mesh,all,,,Manuel Henke,ducke,Individual,Individual,individual,17,0.04,,gmail.com,,5,2026-07-22,2026-07-23,lfx
Platform Mesh,all,,,Jonas Lingg,hyperlingg,SAP,SAP,email-domain-name,16,0.04,,sap.com,,9,2024-04-19,2026-08-26,lfx
Platform Mesh,all,,,Peter,,Individual,Individual,individual,14,0.04,,,,8,2025-10-07,2026-04-17,lfx
Platform Mesh,all,,,Igor Fominykh,,SAP,SAP,email-domain-name,14,0.04,,sap.com,,10,2026-04-22,2026-08-26,lfx
Platform Mesh,all,,,mengliwg,,Individual,Individual,individual,14,0.04,,,,0,,,lfx
Platform Mesh,all,,,Andrian Krautsou,,Individual,Individual,individual,13,0.03,,,,0,,,lfx
Platform Mesh,all,,,Olalekan Odukoya,olamilekan000,Individual,Individual,individual,12,0.03,,gmail.com,,1,2026-08-28,2026-08-28,lfx
Platform Mesh,all,,,Frederic Wilhelm,,SAP,SAP,email-domain-name,12,0.03,,sap.com,,6,2026-03-31,2026-03-31,lfx
Platform Mesh,all,,,Valentin Zipf,,SAP,SAP,email-domain-name,12,0.03,,sap.com,,8,2026-03-27,2026-08-31,lfx
Platform Mesh,all,,,Tino Butz,,SAP,SAP,email-domain-name,10,0.03,,sap.com,,11,2025-02-19,2026-04-02,lfx
Platform Mesh,all,,,makdeniss,,Mac,Mac,email-domain-name,10,0.03,,mac.lan,,165,2025-08-08,2026-05-21,lfx
Platform Mesh,all,,,anastazya,,Individual,Individual,individual,10,0.03,,,,0,,,lfx
Platform Mesh,all,,,Manuel Henke,,Individual,Individual,individual,10,0.03,,,,5,2026-07-22,2026-07-23,lfx
Platform Mesh,all,,,Jakob Möller,jakobmoellerdev,SAP,SAP,email-domain,9,0.02,,sap.com,SAP SE,1,2026-08-14,2026-08-14,lfx
Platform Mesh,all,,,Tino Butz,tjbutz,SAP,SAP,email-domain,8,0.02,maintainer,sap.com,,11,2025-02-19,2026-04-02,lfx
Platform Mesh,all,,,makdeniss,,Mac,Mac,email-domain-name,8,0.02,,mac.lan,,165,2025-08-08,2026-05-21,lfx
Platform Mesh,all,,,Wiktor Chomik,,SAP,SAP,email-domain-name,7,0.02,,sap.com,,14,2025-11-03,2025-12-15,lfx
Platform Mesh,all,,,Dominik Weidenfeld,dweidenfeld,SAP,SAP,commit-search,7,0.02,,sap.com,,0,,,lfx
Platform Mesh,all,,,aleksei-paramonov,aleksei-paramonov,SAP,SAP,commit-search,7,0.02,,sap.com,,0,,,lfx
Platform Mesh,all,,,Wiktor Chomik,,SAP,SAP,email-domain-name,7,0.02,,sap.com,,14,2025-11-03,2025-12-15,lfx
Platform Mesh,all,,,Roman,,Individual,Individual,individual,7,0.02,,,,5,2026-08-06,2026-08-12,lfx
Platform Mesh,all,,,Tristan Scheidemann,CowFreedom,SAP,SAP,email-domain,6,0.02,,sap.com,,1,2025-07-11,2025-07-11,lfx
Platform Mesh,all,,,Vasu Chandrasekhara,vasu1124,Actvirtual,Actvirtual,email-domain,6,0.02,,actvirtual.com,SAP,0,,,lfx
Platform Mesh,all,,,vince spa,,Bwi,Bwi,same-person,6,0.02,,bwi.de,,0,,,lfx
Platform Mesh,all,,,Jonas Lingg,,SAP,SAP,email-domain-name,6,0.02,,sap.com,,9,2024-04-19,2026-08-26,lfx
Platform Mesh,all,,,VinceSpa,the-vas,Bwi,Bwi,email-domain,5,0.01,,bwi.de,,3,2026-07-23,2026-07-23,lfx
Platform Mesh,all,,,Valentin Zipf,,SAP,SAP,email-domain-name,4,0.01,,sap.com,,8,2026-03-27,2026-08-31,lfx
Platform Mesh,all,,,Sugar-pack,Sugar-pack,Epam,Epam,commit-search,4,0.01,,epam.com,,0,,,lfx
Platform Mesh,all,,,Norbert Jakubczak,,Individual,Individual,individual,4,0.01,,,,0,,,lfx
Platform Mesh,all,,,Norbert (Norbix) Jakubczak,,Individual,Individual,individual,4,0.01,,,,4,2024-06-04,2024-07-11,lfx
Platform Mesh,all,,,Lucas Gehlen,rencooo,Individual,Individual,individual,4,0.01,,,,0,,,lfx
Platform Mesh,all,,,Bob The Builder,mjudeikis-bot,Individual,Individual,individual,4,0.01,,gmail.com,,2,2026-03-10,2026-03-10,lfx
Platform Mesh,all,,,Maohsiang,titanlien,Mhlien,Mhlien,commit-search,3,0.01,,mhlien.de,SAP SE,0,,,lfx
Platform Mesh,all,,,Philipp Heil,zkdev,Zeekay,Zeekay,email-domain,3,0.01,,zeekay.dev,SAP @Gardener,0,,,lfx
Platform Mesh,all,,,Tobias Gruetzmacher,TobiX,23,23,commit-search,2,0.01,,23.gs,,0,,,lfx
Platform Mesh,all,,,Gergely,Skarlso,SAP,SAP,email-domain,2,0.01,,sap.com,Kubermatic,0,,,lfx
Platform Mesh,all,,,Jan Holub,,Individual,Individual,individual,2,0.01,,,,2,2026-01-14,2026-08-13,lfx
Platform Mesh,all,,,cmdaltent,cmdaltent,Cmdaltent,Individual,personal-domain,2,0.01,,cmdaltent.net,,0,,,lfx
Platform Mesh,all,,,Timur Akhmadiev,,Individual,Individual,individual,2,0.01,,,,2,2026-04-27,2026-04-27,lfx
Platform Mesh,all,,,Christian Neu,,Individual,Individual,individual,2,0.01,,,,2,2024-04-05,2024-04-05,lfx
Platform Mesh,all,,,Jonas Lingg,,SAP,SAP,email-domain-name,2,0.01,,sap.com,,9,2024-04-19,2026-08-26,lfx
Platform Mesh,all,,,Steffen,,SAP,SAP,same-person,2,0.01,,sap.com,,1,2026-01-20,2026-01-20,lfx
Platform Mesh,all,,,Jonas Lingg,,SAP,SAP,email-domain-name,2,0.01,,sap.com,,9,2024-04-19,2026-08-26,lfx
Platform Mesh,all,,,Simon Burmer,,SAP,SAP,same-person,2,0.01,,sap.com,,0,,,lfx
Platform Mesh,all,,,Bob The Builder,,Individual,Individual,individual,2,0.01,,,,2,2026-03-10,2026-03-10,lfx
Platform Mesh,all,,,robertIsaac,robertIsaac,SAP,SAP,email-domain,1,0,,sap.com,,0,,,lfx
Platform Mesh,all,,,Tino Butz,,SAP,SAP,email-domain-name,1,0,,sap.com,,11,2025-02-19,2026-04-02,lfx
Platform Mesh,all,,,Marek Szalik,m-szalik,Jsoftware,Jsoftware,commit-search,1,0,,jsoftware.org,,0,,,lfx
Platform Mesh,all,,,makdeniss,,Mac,Mac,email-domain-name,1,0,,mac.lan,,165,2025-08-08,2026-05-21,lfx
Platform Mesh,all,,,Maximilian Lenkeit,mlenkeit,SAP,SAP,commit-search,1,0,,sap.com,,0,,,lfx
Platform Mesh,all,,,Ian C.,icorbett,Fernworks,Fernworks,commit-search,1,0,,fernworks.net,,0,,,lfx
Platform Mesh,all,,,"Mueller, Florian",fmui,Apache,Apache,commit-search,1,0,,apache.org,,0,,,lfx
Platform Mesh,all,,,Angel Kafazov,,CST,CST,email-domain-name,1,0,,cst-bg.net,,824,2024-05-23,2026-09-08,lfx
Platform Mesh,all,,,akatyabg,akatyabg,SAP,SAP,commit-search,1,0,,sap.com,,0,,,lfx
Platform Mesh,all,,,Maximilian Braun (SAP),maximilianbraun,SAP,Individual,personal-domain,1,0,,sap.com,SAP,0,,,lfx
Platform Mesh,all,,,Moritz Marby,,SAP,SAP,email-domain-name,1,0,,sap.com,,2,2026-01-29,2026-04-15,lfx
Platform Mesh,all,,,Tristan Scheidemann,,SAP,SAP,email-domain-name,1,0,,sap.com,,1,2025-07-11,2025-07-11,lfx
Platform Mesh,all,,,Jan Holub,,Individual,Individual,individual,1,0,,,,2,2026-01-14,2026-08-13,lfx
Platform Mesh,all,,,Moritz Marby,,SAP,SAP,email-domain-name,1,0,,sap.com,,2,2026-01-29,2026-04-15,lfx
Platform Mesh,all,,,wchomik,,Individual,Individual,individual,1,0,,,,0,,,lfx
Platform Mesh,all,,,Marko Mudrinić,,kubermatic,Kubermatic,same-person,1,0,,gmail.com,,123,2025-12-01,2026-09-01,lfx
Platform Mesh,all,,,this-is-not-used,this-is-not-used,Individual,Individual,individual,1,0,,,,0,,,lfx
Chantico,all,,,lhelwerd,lhelwerd,TNO,TNO,email-domain,276,24.95,,tno.nl,,186,2025-10-03,2026-08-28,lfx
Chantico,all,,,Leon Helwerda,,TNO,TNO,email-domain-name,237,21.43,,tno.nl,,186,2025-10-03,2026-08-28,lfx
Chantico,all,,,JeroenKappe,JeroenKappe,TNO,TNO,email-domain,125,11.3,,tno.nl,TNO-MISD,74,2025-10-03,2026-07-24,lfx
Chantico,all,,,Jeroen Kappé,,TNO,TNO,email-domain-name,119,10.76,,tno.nl,,74,2025-10-03,2026-07-24,lfx
Chantico,all,,,RobinCamarasa,,TNO,TNO,email-domain-name,106,9.58,,tno.nl,,140,2025-04-29,2026-07-30,lfx
Chantico,all,,,clanks-miner-9o,clanks-miner-9o,Individual,Individual,individual,76,6.87,,icloud.com,,4,2026-03-17,2026-07-07,lfx
Chantico,all,,,Robin Camarasa,,TNO,TNO,email-domain-name,55,4.97,,tno.nl,,140,2025-04-29,2026-07-30,lfx
Chantico,all,,,stijnsa-tno,stijnsa-tno,TNO,Individual,personal-domain,32,2.89,,tno.nl,,4,2026-06-05,2026-07-31,lfx
Chantico,all,,,RobinCamarasa,RobinCamarasa,TNO,TNO,email-domain,17,1.54,,tno.nl,TNO,140,2025-04-29,2026-07-30,lfx
Chantico,all,,,MagielBruntink,MagielBruntink,TNO,TNO,email-domain,17,1.54,,tno.nl,TNO,2,2026-05-01,2026-05-18,lfx
Chantico,all,,,AndrewRutherfoord,AndrewRutherfoord,Individual,Individual,individual,8,0.72,,,,0,,,lfx
Chantico,all,,,Zef Wolffs,,TNO,TNO,email-domain-name,7,0.63,,tno.nl,,6,2026-02-20,2026-04-13,lfx
Chantico,all,,,anne,,Individual,Individual,individual,6,0.54,,,,0,,,lfx
Chantico,all,,,clanks-miner-9o,,Individual,Individual,individual,6,0.54,,,,4,2026-03-17,2026-07-07,lfx
Chantico,all,,,aqilaziz,aqilaziz,MAM 1 Paciran Lamongan,MAM 1 Paciran Lamongan,github-company,5,0.45,,,MAM 1 Paciran Lamongan,0,,,lfx
Chantico,all,,,Zeff020,Zeff020,TNO,TNO,email-domain,5,0.45,,tno.nl,Maastricht University,6,2026-02-20,2026-04-13,lfx
Chantico,all,,,semicomplete,,Individual,Individual,individual,4,0.36,,,,0,,,lfx
Chantico,all,,,Magiel Bruntink,,TNO,TNO,email-domain-name,2,0.18,,tno.nl,,2,2026-05-01,2026-05-18,lfx
Chantico,all,,,Zeff020,,TNO,TNO,same-person,1,0.09,,tno.nl,,0,,,lfx
Chantico,all,,,khelban12,,Individual,Individual,individual,1,0.09,,,,0,,,lfx
Chantico,all,,,Magiel Bruntink,,TNO,TNO,email-domain-name,1,0.09,,tno.nl,,2,2026-05-01,2026-05-18,lfx
Luigi,m12,2025-09-10,2026-09-10,walmazacn,walmazacn,SAP,SAP,email-domain,2326,32.62,maintainer,sap.com,,99,2025-09-16,2026-09-04,lfx
Luigi,m12,2025-09-10,2026-09-10,Philipp Pracht,hardl,SAP,SAP,email-domain,2220,31.14,maintainer,sap.com,,158,2025-09-19,2026-08-19,lfx
Luigi,m12,2025-09-10,2026-09-10,JohannesDoberer,JohannesDoberer,SAP,SAP,email-domain,2137,29.97,maintainer,sap.com,SAP,145,2025-09-16,2026-08-17,lfx
Luigi,m12,2025-09-10,2026-09-10,Johannes Doberer,,SAP,SAP,email-domain-name,198,2.78,,sap.com,,145,2025-09-16,2026-08-17,lfx
Luigi,m12,2025-09-10,2026-09-10,Waldemar Mazurek,,SAP,SAP,email-domain-name,115,1.61,,sap.com,,99,2025-09-16,2026-09-04,lfx
Luigi,m12,2025-09-10,2026-09-10,robertIsaac,robertIsaac,SAP,SAP,email-domain,35,0.49,,sap.com,,3,2025-10-24,2026-05-26,lfx
Luigi,m12,2025-09-10,2026-09-10,VincentUllal,VincentUllal,Individual,Individual,individual,29,0.41,,,,0,,,lfx
Luigi,m12,2025-09-10,2026-09-10,Anupam Mediratta,anupamme,University of Edinburgh,University of Edinburgh,github-company,16,0.22,,gmail.com,University of Edinburgh,1,2026-07-23,2026-07-23,lfx
Luigi,m12,2025-09-10,2026-09-10,Zain Asif,zain-asif-dev,Individual,Individual,individual,9,0.13,,users.noreply.github.com,,1,2026-07-07,2026-07-07,lfx
Luigi,m12,2025-09-10,2026-09-10,looooown2006,looooown2006,Individual,Individual,individual,8,0.11,,users.noreply.github.com,,1,2026-05-13,2026-05-13,lfx
Luigi,m12,2025-09-10,2026-09-10,tomaioo,tomaioo,Individual,Individual,individual,6,0.08,,,,0,,,lfx
Luigi,m12,2025-09-10,2026-09-10,c5346163,c5346163,SAP,SAP,commit-search,6,0.08,,sap.com,,0,,,lfx
Luigi,m12,2025-09-10,2026-09-10,luantaraschi,luantaraschi,Individual,Individual,individual,6,0.08,,users.noreply.github.com,,1,2026-08-17,2026-08-17,lfx
Luigi,m12,2025-09-10,2026-09-10,Waldemar Mazurek,,SAP,SAP,email-domain-name,4,0.06,,sap.com,,99,2025-09-16,2026-09-04,lfx
Luigi,m12,2025-09-10,2026-09-10,robertIsaac,,SAP,SAP,email-domain-name,3,0.04,,sap.com,,3,2025-10-24,2026-05-26,lfx
Luigi,m12,2025-09-10,2026-09-10,Luan Taraschi,,Individual,Individual,individual,2,0.03,,,,1,2026-08-17,2026-08-17,lfx
Luigi,m12,2025-09-10,2026-09-10,cla-assistant,cla-assistant,Individual,Individual,individual,2,0.03,,,,0,,,lfx
Luigi,m12,2025-09-10,2026-09-10,Vincent Tomoaki Öller,,Individual,Individual,individual,2,0.03,,,,2,2025-09-17,2026-03-27,lfx
Luigi,m12,2025-09-10,2026-09-10,Zain Asif,,Individual,Individual,individual,1,0.01,,,,1,2026-07-07,2026-07-07,lfx
Luigi,m12,2025-09-10,2026-09-10,Zain Asif,,Individual,Individual,individual,1,0.01,,,,1,2026-07-07,2026-07-07,lfx
Luigi,m12,2025-09-10,2026-09-10,Sobyt483,Sobyt483,Individual,Individual,individual,1,0.01,,mail.ru,,0,,,lfx
Luigi,m12,2025-09-10,2026-09-10,gkrajniak,gkrajniak,Individual,Individual,individual,1,0.01,,gmail.com,,0,,,lfx
Luigi,m12,2025-09-10,2026-09-10,looooown,,Individual,Individual,individual,1,0.01,,,,1,2026-05-13,2026-05-13,lfx
Luigi,m12,2025-09-10,2026-09-10,keenanjagdeep262-dotcom,keenanjagdeep262-dotcom,Individual,Individual,individual,1,0.01,,,,0,,,lfx
IronCore,m12,2025-09-10,2026-09-10,Andreas Fritzler,afritzler,SAP,SAP,email-domain,3860,18.61,maintainer,sap.com,SAP @ironcore-dev @gardener,237,2025-09-10,2026-09-09,lfx
IronCore,m12,2025-09-10,2026-09-10,Daniel Gonzalez,gonzolino,SAP,SAP,email-domain,1971,9.5,,sap.com,SAP,193,2025-09-15,2026-09-08,lfx
IronCore,m12,2025-09-10,2026-09-10,Felix Kästner,felix-kaestner,SAP,SAP,email-domain,1731,8.34,,sap.com,SAP-cloud-infrastructure,431,2025-08-12,2026-09-03,lfx
IronCore,m12,2025-09-10,2026-09-10,Hardik Dodiya,hardikdr,SAP,SAP,email-domain,1223,5.9,,sap.com,ironcore-dev @gardener @iitkanpur @sap @kubernetes,46,2025-10-14,2026-09-03,lfx
IronCore,m12,2025-09-10,2026-09-10,Lukas Frank,lukasfrank,SAP,SAP,email-domain,1163,5.61,maintainer,sap.com,,76,2025-09-18,2026-09-04,lfx
IronCore,m12,2025-09-10,2026-09-10,"Riegger, Felix",friegger,SAP,SAP,email-domain,927,4.47,,sap.com,SAP SE,91,2025-11-27,2026-09-09,lfx
IronCore,m12,2025-09-10,2026-09-10,Maximilian Moehl,maxmoehl,Moehl,Individual,personal-domain,733,3.53,maintainer,moehl.eu,SAP,82,2025-10-10,2026-08-27,lfx
IronCore,m12,2025-09-10,2026-09-10,Damyan Yordanov,damyan,SAP,SAP,email-domain,667,3.22,,sap.com,SAP @IronCore,30,2025-09-24,2026-08-11,lfx
IronCore,m12,2025-09-10,2026-09-10,Stefan Hipfel,stefanhipfel,SAP,SAP,email-domain,651,3.14,,sap.com,SAP SE,45,2025-09-29,2026-08-26,lfx
IronCore,m12,2025-09-10,2026-09-10,Felix Kästner,,SAP,SAP,email-domain-name,573,2.76,,sap.com,,431,2025-08-12,2026-09-03,lfx
IronCore,m12,2025-09-10,2026-09-10,nagadeesh-nagaraja,nagadeesh-nagaraja,SAP,SAP,email-domain,528,2.55,,sap.com,SAP SE,40,2025-09-22,2026-08-13,lfx
IronCore,m12,2025-09-10,2026-09-10,"Li, Tao",byteocean,SAP,SAP,email-domain,501,2.42,,sap.com,,59,2025-09-11,2026-09-04,lfx
IronCore,m12,2025-09-10,2026-09-10,Felix Kästner,,SAP,SAP,email-domain-name,455,2.19,,sap.com,,431,2025-08-12,2026-09-03,lfx
IronCore,m12,2025-09-10,2026-09-10,nikatza,nikatza,SAP,SAP,email-domain,452,2.18,,sap.com,SAP,64,2025-09-12,2026-09-02,lfx
IronCore,m12,2025-09-10,2026-09-10,xkonni,xkonni,SAP,SAP,email-domain,433,2.09,,sap.com,SAP,37,2025-11-03,2026-09-02,lfx
IronCore,m12,2025-09-10,2026-09-10,Axel Christ,adracus,SAP,SAP,email-domain,263,1.27,,sap.com,SAP,20,2026-04-13,2026-08-10,lfx
IronCore,m12,2025-09-10,2026-09-10,Erik Schubert,Nuckal777,SAP,SAP,email-domain,260,1.25,,sap.com,SAP,13,2025-09-23,2026-02-04,lfx
IronCore,m12,2025-09-10,2026-09-10,Guvenc Gulce,guvenc,SAP,SAP,email-domain,247,1.19,maintainer,sap.com,,73,2025-07-14,2025-12-09,lfx
IronCore,m12,2025-09-10,2026-09-10,Daniel Gonzalez Nothnagel,dgdelahera,SAP,SAP,email-domain-name,226,1.09,,sap.com,playtomic,45,2026-06-01,2026-07-16,lfx
IronCore,m12,2025-09-10,2026-09-10,Martin Kalcok,mkalcok,SAP,SAP,email-domain,217,1.05,,sap.com,Canonical,42,2026-03-12,2026-09-09,lfx
IronCore,m12,2025-09-10,2026-09-10,Alexander Lais,peanball,SAP,SAP,email-domain,207,1,,sap.com,SAP,15,2026-01-19,2026-07-30,lfx
IronCore,m12,2025-09-10,2026-09-10,atd9876,atd9876,SAP,SAP,commit-search,181,0.87,,sap.com,,16,2026-03-13,2026-08-20,lfx
IronCore,m12,2025-09-10,2026-09-10,Alan Sergeant,asergeant01,SAP,SAP,email-domain,170,0.82,,sap.com,,25,2025-10-10,2026-07-24,lfx
IronCore,m12,2025-09-10,2026-09-10,Rohit,Rohit-0505,T-Systems ICT India Pvt. Ltd,Deutsche Telekom,github-company,159,0.77,,gmail.com,T-Systems ICT India Pvt. Ltd,4,2026-05-21,2026-08-07,lfx
IronCore,m12,2025-09-10,2026-09-10,Sebastian Wagner,swagner-de,SAP,SAP,email-domain,153,0.74,,sap.com,SAP-cloud-infrastructure,19,2025-12-03,2026-06-30,lfx
IronCore,m12,2025-09-10,2026-09-10,Daniel Gonzalez,,SAP,SAP,same-person,153,0.74,,sap.com,,148,2025-09-15,2026-09-08,lfx
IronCore,m12,2025-09-10,2026-09-10,Guevenc Guelce,,Individual,Individual,individual,140,0.67,,,,2,2026-07-24,2026-09-03,lfx
IronCore,m12,2025-09-10,2026-09-10,sven-rosenzweig,sven-rosenzweig,SAP,SAP,email-domain,113,0.54,,sap.com,,26,2025-10-01,2026-08-06,lfx
IronCore,m12,2025-09-10,2026-09-10,Dmitri Fedotov,defo89,SAP,SAP,email-domain,105,0.51,,sap.com,,13,2025-10-29,2026-05-28,lfx
IronCore,m12,2025-09-10,2026-09-10,kasabe28,kasabe28,T-Systems,Deutsche Telekom,email-domain,105,0.51,,t-systems.com,,10,2025-09-22,2026-06-25,lfx
IronCore,m12,2025-09-10,2026-09-10,PlagueCZ,PlagueCZ,Individual,Individual,individual,100,0.48,,gmail.com,,46,2025-04-11,2026-06-23,lfx
IronCore,m12,2025-09-10,2026-09-10,anton-paulovich,anton-paulovich,SAP,SAP,email-domain,95,0.46,,sap.com,,11,2026-02-09,2026-06-24,lfx
IronCore,m12,2025-09-10,2026-09-10,Pujol,,SAP,SAP,email-domain-name,87,0.42,,sap.com,,61,2025-09-12,2026-09-02,lfx
IronCore,m12,2025-09-10,2026-09-10,ushabelgur,ushabelgur,T-Systems,Deutsche Telekom,email-domain,80,0.39,,t-systems.com,T-Systems,16,2025-09-23,2026-08-18,lfx
IronCore,m12,2025-09-10,2026-09-10,Ivo Gosemann,ivogoman,SAP,SAP,commit-search,77,0.37,,sap.com,SAP SE,2,2026-07-24,2026-09-03,lfx
IronCore,m12,2025-09-10,2026-09-10,Lukas Frank,,SAP,SAP,email-domain-name,76,0.37,,sap.com,,76,2025-09-18,2026-09-04,lfx
IronCore,m12,2025-09-10,2026-09-10,Enric Pujol,,Individual,Individual,individual,73,0.35,,,,2,2026-07-24,2026-09-03,lfx
IronCore,m12,2025-09-10,2026-09-10,Malte Janduda,MalteJ,Janduda,Individual,personal-domain,72,0.35,maintainer,janduda.net,SAP,1,2025-12-16,2025-12-16,lfx
IronCore,m12,2025-09-10,2026-09-10,Tao Li,,Individual,Individual,individual,71,0.34,,,,3,2025-09-30,2026-06-26,lfx
IronCore,m12,2025-09-10,2026-09-10,Sujeet Sujeet,sujeet01,T-Systems,Deutsche Telekom,github-company,66,0.32,,gmail.com,T-Systems,7,2025-10-29,2026-08-20,lfx
IronCore,m12,2025-09-10,2026-09-10,Stefan Hipfel,,SAP,SAP,email-domain-name,61,0.29,,sap.com,,45,2025-09-29,2026-08-26,lfx
IronCore,m12,2025-09-10,2026-09-10,weneghawi,weneghawi,SAP,SAP,commit-search,57,0.27,,sap.com,,2,2025-11-05,2026-07-02,lfx
IronCore,m12,2025-09-10,2026-09-10,Martin Kalcok,,SAP,SAP,email-domain-name,54,0.26,,sap.com,,42,2026-03-12,2026-09-09,lfx
IronCore,m12,2025-09-10,2026-09-10,Robert Gildein,rgildein,Canonical,Canonical,commit-search,54,0.26,,canonical.com,,2,2026-08-10,2026-08-20,lfx
IronCore,m12,2025-09-10,2026-09-10,Nag,,SAP,SAP,email-domain-name,51,0.25,,sap.com,,40,2025-09-22,2026-08-13,lfx
IronCore,m12,2025-09-10,2026-09-10,Tao Li,,Individual,Individual,individual,49,0.24,,,,3,2025-09-30,2026-06-26,lfx
IronCore,m12,2025-09-10,2026-09-10,davidgrun,davidgrun,SAP,SAP,github-company,44,0.21,,users.noreply.github.com,SAP,2,2026-01-15,2026-03-19,lfx
IronCore,m12,2025-09-10,2026-09-10,adamtrizuljak-sap,adamtrizuljak-sap,SAP,Individual,personal-domain,39,0.19,,sap.com,,2,2026-07-30,2026-08-03,lfx
IronCore,m12,2025-09-10,2026-09-10,Sven Rosenzweig,,SAP,SAP,email-domain-name,38,0.18,,sap.com,,26,2025-10-01,2026-08-06,lfx
IronCore,m12,2025-09-10,2026-09-10,Alan Sergeant,,SAP,SAP,email-domain-name,37,0.18,,sap.com,,25,2025-10-10,2026-07-24,lfx
IronCore,m12,2025-09-10,2026-09-10,Konstantin Koslowski,,SAP,SAP,email-domain-name,36,0.17,,sap.com,,37,2025-11-03,2026-09-02,lfx
IronCore,m12,2025-09-10,2026-09-10,Axel Christ,,SAP,SAP,email-domain-name,35,0.17,,sap.com,,20,2026-04-13,2026-08-10,lfx
IronCore,m12,2025-09-10,2026-09-10,elinalin,elinalin,SAP,SAP,email-domain,35,0.17,,sap.com,,4,2026-04-07,2026-07-06,lfx
IronCore,m12,2025-09-10,2026-09-10,Martin Kalcok,,SAP,SAP,email-domain-name,32,0.15,,sap.com,,42,2026-03-12,2026-09-09,lfx
IronCore,m12,2025-09-10,2026-09-10,Vladimir Videlov,videlov,SAP,SAP,email-domain,32,0.15,,sap.com,SAP,3,2025-10-29,2026-01-21,lfx
IronCore,m12,2025-09-10,2026-09-10,Jaromír Smrček,,Individual,Individual,individual,31,0.15,,,,46,2025-04-11,2026-06-23,lfx
IronCore,m12,2025-09-10,2026-09-10,Sebastian Wagner,,SAP,SAP,email-domain-name,24,0.12,,sap.com,,19,2025-12-03,2026-06-30,lfx
IronCore,m12,2025-09-10,2026-09-10,Damyan Yordanov,,SAP,SAP,email-domain-name,24,0.12,,sap.com,,30,2025-09-24,2026-08-11,lfx
IronCore,m12,2025-09-10,2026-09-10,Rohit,,T-Systems ICT India Pvt. Ltd,Deutsche Telekom,same-person,24,0.12,,gmail.com,,24,2025-11-07,2026-09-04,lfx
IronCore,m12,2025-09-10,2026-09-10,Konstantin Koslowski,,SAP,SAP,email-domain-name,23,0.11,,sap.com,,37,2025-11-03,2026-09-02,lfx
IronCore,m12,2025-09-10,2026-09-10,wknapek,wknapek,Individual,Individual,individual,23,0.11,,gmail.com,,1,2026-03-11,2026-03-11,lfx
IronCore,m12,2025-09-10,2026-09-10,ushabelgur,,T-Systems,Deutsche Telekom,email-domain-name,22,0.11,,t-systems.com,,16,2025-09-23,2026-08-18,lfx
IronCore,m12,2025-09-10,2026-09-10,Benjamin Michael Alpert,balpert89,T-Systems,Deutsche Telekom,email-domain,21,0.1,maintainer,t-systems.com,,0,,,lfx
IronCore,m12,2025-09-10,2026-09-10,Rohit Kumar,,Individual,Individual,individual,20,0.1,,,,4,2026-05-21,2026-08-07,lfx
IronCore,m12,2025-09-10,2026-09-10,valeryia-hurynovich,valeryia-hurynovich,SAP,SAP,email-domain,19,0.09,,sap.com,,3,2026-04-27,2026-05-27,lfx
IronCore,m12,2025-09-10,2026-09-10,Matus Taraba,mTarabyte,SAP,SAP,email-domain,19,0.09,maintainer,sap.com,SAP,4,2025-10-02,2026-08-20,lfx
IronCore,m12,2025-09-10,2026-09-10,Sven Rosenzweig,,SAP,SAP,email-domain-name,19,0.09,,sap.com,,26,2025-10-01,2026-08-06,lfx
IronCore,m12,2025-09-10,2026-09-10,Sebastian Wagner,,SAP,SAP,email-domain-name,17,0.08,,sap.com,,19,2025-12-03,2026-06-30,lfx
IronCore,m12,2025-09-10,2026-09-10,Andrew Dodds,,Individual,Individual,individual,16,0.08,,,,16,2026-03-13,2026-08-20,lfx
IronCore,m12,2025-09-10,2026-09-10,Stefan Hipfel,,SAP,SAP,email-domain-name,16,0.08,,sap.com,,45,2025-09-29,2026-08-26,lfx
IronCore,m12,2025-09-10,2026-09-10,Anton Paulovich,,SAP,SAP,email-domain-name,15,0.07,,sap.com,,11,2026-02-09,2026-06-24,lfx
IronCore,m12,2025-09-10,2026-09-10,Simon Tesar,simt2,Simontesar,Individual,personal-domain,14,0.07,,simontesar.com,,2,2026-07-15,2026-07-21,lfx
IronCore,m12,2025-09-10,2026-09-10,Parasyris Nikolaos,nikParasyr,Nikparasyr,Nikparasyr,email-domain,14,0.07,,nikparasyr.com,SURF,4,2026-05-11,2026-08-03,lfx
IronCore,m12,2025-09-10,2026-09-10,johamster,johamster,SAP,SAP,email-domain,14,0.07,,sap.com,,2,2026-08-18,2026-08-18,lfx
IronCore,m12,2025-09-10,2026-09-10,Andrew Dodds,,Individual,Individual,individual,14,0.07,,,,16,2026-03-13,2026-08-20,lfx
IronCore,m12,2025-09-10,2026-09-10,Dmitri Fedotov,,SAP,SAP,email-domain-name,13,0.06,,sap.com,,13,2025-10-29,2026-05-28,lfx
IronCore,m12,2025-09-10,2026-09-10,Marian Schwarz,SchwarzM,SAP,SAP,commit-search,12,0.06,,sap.com,sapcc,0,,,lfx
IronCore,m12,2025-09-10,2026-09-10,Rico Gu,ricogu,SAP,SAP,commit-search,11,0.05,,sap.com,SAP SE,1,2026-06-11,2026-06-11,lfx
IronCore,m12,2025-09-10,2026-09-10,Giluerre,Giluerre,Outlook,Outlook,commit-search,11,0.05,,outlook.sk,,3,2026-03-17,2026-04-29,lfx
IronCore,m12,2025-09-10,2026-09-10,Nik Voss,trevex,Individual,Individual,individual,10,0.05,,,,0,,,lfx
IronCore,m12,2025-09-10,2026-09-10,Fabian Wiesel,fwiesel,SAP,SAP,email-domain,10,0.05,,sap.com,SAP SE,1,2025-10-02,2025-10-02,lfx
IronCore,m12,2025-09-10,2026-09-10,Rafael Franzke,rfranzke,SAP,SAP,email-domain,10,0.05,,sap.com,SAP,1,2025-12-01,2025-12-01,lfx
IronCore,m12,2025-09-10,2026-09-10,Kajol Asabe,,T-Systems,Deutsche Telekom,email-domain-name,10,0.05,,t-systems.com,,10,2025-09-22,2026-06-25,lfx
IronCore,m12,2025-09-10,2026-09-10,Daniel Poelzleithner,poelzi,Poelzi,Poelzi,commit-search,9,0.04,,poelzi.org,tix.im,0,,,lfx
IronCore,m12,2025-09-10,2026-09-10,Hsiu-Chi “蔡秀吉”,thc1006,Linux,Linux,commit-search,9,0.04,,linux.com,"Taipei City Hospital, Yangming Branch",1,2026-09-03,2026-09-03,lfx
IronCore,m12,2025-09-10,2026-09-10,Tobias Anker,kitsudaiki,Kitsunemimi,Kitsunemimi,commit-search,8,0.04,,kitsunemimi.moe,,0,,,lfx
IronCore,m12,2025-09-10,2026-09-10,Tim Ebert,timebertt,SAP,SAP,commit-search,8,0.04,,sap.com,stackitcloud,1,2025-11-21,2025-11-21,lfx
IronCore,m12,2025-09-10,2026-09-10,Vladimir Nachev,vpnachev,SAP,SAP,email-domain,7,0.03,,sap.com,,1,2025-10-31,2025-10-31,lfx
IronCore,m12,2025-09-10,2026-09-10,maxmsap,maxmsap,Individual,Individual,individual,7,0.03,,,,2,2026-07-24,2026-09-03,lfx
IronCore,m12,2025-09-10,2026-09-10,Guvenc Gulce,,SAP,SAP,email-domain-name,6,0.03,,sap.com,,74,2025-07-14,2026-08-01,lfx
IronCore,m12,2025-09-10,2026-09-10,markus-hentsch,markus-hentsch,Cloudandheat,Cloudandheat,commit-search,6,0.03,,cloudandheat.com,Cloud&Heat Technologies GmbH,2,2026-08-26,2026-09-08,lfx
IronCore,m12,2025-09-10,2026-09-10,Daniel Beres,,Individual,Individual,individual,6,0.03,,,,2,2026-07-24,2026-09-03,lfx
IronCore,m12,2025-09-10,2026-09-10,Matus Taraba,,SAP,SAP,email-domain-name,6,0.03,,sap.com,,4,2025-10-02,2026-08-20,lfx
IronCore,m12,2025-09-10,2026-09-10,Tao Li,,Individual,Individual,individual,6,0.03,,,,3,2025-09-30,2026-06-26,lfx
IronCore,m12,2025-09-10,2026-09-10,SamiraBriongos,SamiraBriongos,Individual,Individual,individual,5,0.02,,,,2,2026-07-10,2026-08-27,lfx
IronCore,m12,2025-09-10,2026-09-10,haze53,haze53,Individual,Individual,individual,5,0.02,,users.noreply.github.com,,2,2026-05-11,2026-05-13,lfx
IronCore,m12,2025-09-10,2026-09-10,Danny,Moep90,Individual,Individual,individual,5,0.02,,googlemail.com,,1,2026-05-06,2026-05-06,lfx
IronCore,m12,2025-09-10,2026-09-10,Pooja-Sangle,Pooja-Sangle,SAP,SAP,commit-search,5,0.02,,sap.com,,1,2026-09-04,2026-09-04,lfx
IronCore,m12,2025-09-10,2026-09-10,Valeryia Hurynovich,,SAP,SAP,email-domain-name,5,0.02,,sap.com,,3,2026-04-27,2026-05-27,lfx
IronCore,m12,2025-09-10,2026-09-10,nikParasyr,,Individual,Individual,individual,5,0.02,,,,2,2026-07-24,2026-09-03,lfx
IronCore,m12,2025-09-10,2026-09-10,Minmin Lin,,SAP,SAP,email-domain-name,5,0.02,,sap.com,,4,2026-04-07,2026-07-06,lfx
IronCore,m12,2025-09-10,2026-09-10,Nagadeesh Nagaraja,,SAP,SAP,same-person,5,0.02,,sap.com,,2,2026-07-24,2026-09-03,lfx
IronCore,m12,2025-09-10,2026-09-10,shyamtss,shyamtss,SAP,SAP,commit-search,4,0.02,,sap.com,,2,2026-07-24,2026-09-03,lfx
IronCore,m12,2025-09-10,2026-09-10,Sean McGinnis,stmcginnis,Huawei,Huawei,commit-search,4,0.02,,huawei.com,Lambda Inc.,1,2026-02-19,2026-02-19,lfx
IronCore,m12,2025-09-10,2026-09-10,Artem Torubarov,arttor,Clyso,Clyso,commit-search,4,0.02,,clyso.com,clyso,0,,,lfx
IronCore,m12,2025-09-10,2026-09-10,Aysenur A.,A-AKPINAR,Individual,Individual,individual,4,0.02,,,,0,,,lfx
IronCore,m12,2025-09-10,2026-09-10,Elias Hasenkampf,,Individual,Individual,individual,4,0.02,,,,2,2026-05-11,2026-05-13,lfx
IronCore,m12,2025-09-10,2026-09-10,Adam Trizuljak,,Individual,Individual,individual,4,0.02,,,,2,2026-07-24,2026-09-03,lfx
IronCore,m12,2025-09-10,2026-09-10,Brian Topping,briantopping,SAP,SAP,commit-search,3,0.01,,sap.com,,1,2025-12-09,2025-12-09,lfx
IronCore,m12,2025-09-10,2026-09-10,Tobias Jungel,toanju,Individual,Individual,individual,3,0.01,,users.noreply.github.com,,1,2026-04-01,2026-04-01,lfx
IronCore,m12,2025-09-10,2026-09-10,👨‍💻,PhilippMatthes,Tu Dresden,Tu Dresden,commit-search,3,0.01,,tu-dresden.de,,2,2026-07-24,2026-09-03,lfx
IronCore,m12,2025-09-10,2026-09-10,SamiraBriongos,,Individual,Individual,individual,3,0.01,,,,2,2026-07-10,2026-08-27,lfx
IronCore,m12,2025-09-10,2026-09-10,Ajinkya Patil,ajinkyapatil8190,SAP,SAP,email-domain,3,0.01,,sap.com,"SAP SE, Germany",1,2025-10-13,2025-10-13,lfx
IronCore,m12,2025-09-10,2026-09-10,Giluerre,,Outlook,Outlook,same-person,3,0.01,,outlook.sk,,3,2026-03-17,2026-04-29,lfx
IronCore,m12,2025-09-10,2026-09-10,Greenpepper15,Greenpepper15,Individual,Individual,individual,3,0.01,,,,0,,,lfx
IronCore,m12,2025-09-10,2026-09-10,iddpd,iddpd,SAP,SAP,commit-search,3,0.01,,sap.com,,1,2026-07-24,2026-07-24,lfx
IronCore,m12,2025-09-10,2026-09-10,Markus Hentsch,,Cloudandheat,Cloudandheat,same-person,3,0.01,,cloudandheat.com,,2,2026-08-26,2026-09-08,lfx
IronCore,m12,2025-09-10,2026-09-10,shyamsundart14,shyamsundart14,Individual,Individual,individual,3,0.01,,,,2,2026-07-24,2026-09-03,lfx
IronCore,m12,2025-09-10,2026-09-10,avijitkulkarni,avijitkulkarni,Individual,Individual,individual,3,0.01,,,,2,2026-07-24,2026-09-03,lfx
IronCore,m12,2025-09-10,2026-09-10,yahor-kurachkin,yahor-kurachkin,SAP,SAP,email-domain,2,0.01,,sap.com,,1,2026-08-04,2026-08-04,lfx
IronCore,m12,2025-09-10,2026-09-10,Robert Gildein,,Canonical,Canonical,same-person,2,0.01,,canonical.com,,2,2026-08-10,2026-08-20,lfx
IronCore,m12,2025-09-10,2026-09-10,Robert Gildein,,Canonical,Canonical,same-person,2,0.01,,canonical.com,,2,2026-08-10,2026-08-20,lfx
IronCore,m12,2025-09-10,2026-09-10,phil-s-taylor,phil-s-taylor,Individual,Individual,individual,2,0.01,,,,0,,,lfx
IronCore,m12,2025-09-10,2026-09-10,Sandro Jäckel,SuperSandro2000,SAP,SAP,commit-search,2,0.01,,sap.com,"NixOS, @sapcc, @c3d2",0,,,lfx
IronCore,m12,2025-09-10,2026-09-10,tobiasb-dell,tobiasb-dell,Dell,Individual,personal-domain,2,0.01,,dell.com,Dell Technologies,1,2026-01-20,2026-01-20,lfx
IronCore,m12,2025-09-10,2026-09-10,Alisa Sireneva,purplesyringa,Purplesyringa,Purplesyringa,commit-search,2,0.01,,purplesyringa.moe,,0,,,lfx
IronCore,m12,2025-09-10,2026-09-10,Elias Hasenkampf,,Individual,Individual,individual,2,0.01,,,,2,2026-05-11,2026-05-13,lfx
IronCore,m12,2025-09-10,2026-09-10,davidgrun,,SAP,SAP,same-person,2,0.01,,users.noreply.github.com,,2,2026-01-15,2026-03-19,lfx
IronCore,m12,2025-09-10,2026-09-10,Philipp Heil,zkdev,Zeekay,Zeekay,email-domain,2,0.01,,zeekay.dev,SAP @Gardener,0,,,lfx
IronCore,m12,2025-09-10,2026-09-10,Marek Szalik,m-szalik,Jsoftware,Jsoftware,commit-search,2,0.01,,jsoftware.org,,1,2025-09-30,2025-09-30,lfx
IronCore,m12,2025-09-10,2026-09-10,Sai Asish Yamani,SAY-5,Individual,Individual,individual,2,0.01,,,,2,2026-07-24,2026-09-03,lfx
IronCore,m12,2025-09-10,2026-09-10,avijitkulkarni30,avijitkulkarni30,Individual,Individual,individual,2,0.01,,,,2,2026-07-24,2026-09-03,lfx
IronCore,m12,2025-09-10,2026-09-10,NiclasMoldenhauer,NiclasMoldenhauer,Individual,Individual,individual,2,0.01,,,,1,2025-09-17,2025-09-17,lfx
IronCore,m12,2025-09-10,2026-09-10,Danny,,Individual,Individual,individual,2,0.01,,,,2,2026-07-24,2026-09-03,lfx
IronCore,m12,2025-09-10,2026-09-10,Elie,,Individual,Individual,individual,2,0.01,,,,2,2025-11-05,2026-07-02,lfx
IronCore,m12,2025-09-10,2026-09-10,Alan Sergeant,,SAP,SAP,email-domain-name,2,0.01,,sap.com,,25,2025-10-10,2026-07-24,lfx
IronCore,m12,2025-09-10,2026-09-10,Bronislav Milka,,Esten,Esten,email-domain-name,2,0.01,,esten.sk,,2,2025-09-24,2025-09-24,lfx
IronCore,m12,2025-09-10,2026-09-10,i521907,,Individual,Individual,individual,2,0.01,,,,2,2026-07-24,2026-09-03,lfx
IronCore,m12,2025-09-10,2026-09-10,mast-wch,mast-wch,Individual,Individual,individual,2,0.01,,,,2,2026-07-24,2026-09-03,lfx
IronCore,m12,2025-09-10,2026-09-10,yahor-kurachkin,,SAP,SAP,email-domain-name,2,0.01,,sap.com,,1,2026-08-04,2026-08-04,lfx
IronCore,m12,2025-09-10,2026-09-10,Jonas Schäfer,horazont,Sotecware,Sotecware,commit-search,1,0,,sotecware.net,CloudAndHeat,0,,,lfx
IronCore,m12,2025-09-10,2026-09-10,nkraetzschmar,nkraetzschmar,SAP,SAP,github-company,1,0,,users.noreply.github.com,SAP,0,,,lfx
IronCore,m12,2025-09-10,2026-09-10,oberlademeister,oberlademeister,Fuessler,Fuessler,commit-search,1,0,,fuessler.eu,,2,2026-07-24,2026-09-03,lfx
IronCore,m12,2025-09-10,2026-09-10,Florin Peter,FlorinPeter,Florin Peter,Individual,personal-domain,1,0,maintainer,florin-peter.de,T-Systems,0,,,lfx
IronCore,m12,2025-09-10,2026-09-10,sandzwerg,sandzwerg,SAP,SAP,commit-search,1,0,,sap.com,,0,,,lfx
IronCore,m12,2025-09-10,2026-09-10,Malte Janduda,,Janduda,Individual,personal-domain,1,0,,janduda.net,,1,2025-12-16,2025-12-16,lfx
IronCore,m12,2025-09-10,2026-09-10,Tobias Bischoff,,Individual,Individual,individual,1,0,,,,1,2026-01-20,2026-01-20,lfx
IronCore,m12,2025-09-10,2026-09-10,Tobias Bischoff,,Individual,Individual,individual,1,0,,,,1,2026-01-20,2026-01-20,lfx
IronCore,m12,2025-09-10,2026-09-10,witek,,Individual,Individual,individual,1,0,,,,1,2026-03-11,2026-03-11,lfx
IronCore,m12,2025-09-10,2026-09-10,Markus Hentsch,,Cloudandheat,Cloudandheat,same-person,1,0,,cloudandheat.com,,2,2026-08-26,2026-09-08,lfx
IronCore,m12,2025-09-10,2026-09-10,Fabian Wiesel,,SAP,SAP,email-domain-name,1,0,,sap.com,,1,2025-10-02,2025-10-02,lfx
IronCore,m12,2025-09-10,2026-09-10,Johannes Kulik,joker-at-work,SAP,SAP,commit-search,1,0,,sap.com,,2,2026-07-24,2026-09-03,lfx
IronCore,m12,2025-09-10,2026-09-10,Florin Peter,,Florin Peter,Individual,personal-domain,1,0,,florin-peter.de,,2,2026-07-24,2026-09-03,lfx
IronCore,m12,2025-09-10,2026-09-10,Yuanxun Gu,,Individual,Individual,individual,1,0,,,,2,2026-07-24,2026-09-03,lfx
IronCore,m12,2025-09-10,2026-09-10,Kajol Asabe,,T-Systems,Deutsche Telekom,email-domain-name,1,0,,t-systems.com,,10,2025-09-22,2026-06-25,lfx
IronCore,m12,2025-09-10,2026-09-10,rhalina,rhalina,SAP,SAP,commit-search,1,0,,sap.com,,0,,,lfx
IronCore,m12,2025-09-10,2026-09-10,Stefan Catargiu,,Individual,Individual,individual,1,0,,,,1,2025-10-24,2025-10-24,lfx
IronCore,m12,2025-09-10,2026-09-10,Roncossek,Roncossek,SAP,SAP,commit-search,1,0,,sap.com,,2,2026-07-24,2026-09-03,lfx
IronCore,m12,2025-09-10,2026-09-10,goerangudat,goerangudat,SAP,SAP,commit-search,1,0,,sap.com,,2,2026-07-24,2026-09-03,lfx
IronCore,m12,2025-09-10,2026-09-10,Tobias Jungel,,Individual,Individual,individual,1,0,,,,1,2026-04-01,2026-04-01,lfx
IronCore,m12,2025-09-10,2026-09-10,Marek Gruszecki,,Individual,Individual,individual,1,0,,,,2,2026-07-24,2026-09-03,lfx
IronCore,m12,2025-09-10,2026-09-10,Marek Szalik,,Jsoftware,Jsoftware,same-person,1,0,,jsoftware.org,,1,2025-09-30,2025-09-30,lfx
IronCore,m12,2025-09-10,2026-09-10,bmilka,bmilka,Individual,Individual,individual,1,0,,,,2,2026-07-24,2026-09-03,lfx
IronCore,m12,2025-09-10,2026-09-10,Philipp,,Individual,Individual,individual,1,0,,,,1,2025-09-17,2025-09-17,lfx
IronCore,m12,2025-09-10,2026-09-10,Tobias Jungel,,Individual,Individual,individual,1,0,,,,1,2026-04-01,2026-04-01,lfx
IronCore,m12,2025-09-10,2026-09-10,Matus Taraba,,SAP,SAP,email-domain-name,1,0,,sap.com,,4,2025-10-02,2026-08-20,lfx
IronCore,m12,2025-09-10,2026-09-10,NiclasMoldenhauer,,Individual,Individual,individual,1,0,,,,1,2025-09-17,2025-09-17,lfx
IronCore,m12,2025-09-10,2026-09-10,Samira Briongos,,Individual,Individual,individual,1,0,,,,2,2026-07-10,2026-08-27,lfx
IronCore,m12,2025-09-10,2026-09-10,Евгени Димитров,,Tu Dresden,Tu Dresden,same-person,1,0,,tu-dresden.de,,2,2026-07-24,2026-09-03,lfx
IronCore,m12,2025-09-10,2026-09-10,Evgeni Dimitrov,,Individual,Individual,individual,1,0,,,,2,2026-07-24,2026-09-03,lfx
IronCore,m12,2025-09-10,2026-09-10,Pooja-Sangle,,SAP,SAP,same-person,1,0,,sap.com,,1,2026-09-04,2026-09-04,lfx
IronCore,m12,2025-09-10,2026-09-10,Pooja Sangle,,SAP,SAP,same-person,1,0,,sap.com,,1,2026-09-04,2026-09-04,lfx
IronCore,m12,2025-09-10,2026-09-10,brsmnv,brsmnv,Individual,Individual,individual,1,0,,proton.me,,0,,,lfx
Open Component Model,m12,2025-09-10,2026-09-10,Frederic Wilhelm,frewilhelm,SAP,SAP,email-domain,4601,18.23,,sap.com,SAP SE,219,2025-11-14,2026-09-09,lfx
Open Component Model,m12,2025-09-10,2026-09-10,Jakob Möller,jakobmoellerdev,SAP,SAP,email-domain,4206,16.66,,sap.com,SAP SE,202,2025-09-10,2026-09-07,lfx
Open Component Model,m12,2025-09-10,2026-09-10,matthiasbruns,matthiasbruns,Matthiasbruns,Individual,personal-domain,3573,14.16,,matthiasbruns.com,Matthias Bruns,149,2025-09-12,2026-09-03,lfx
Open Component Model,m12,2025-09-10,2026-09-10,Gerald Morrison,morri-son,SAP,SAP,github-company,2761,10.94,,users.noreply.github.com,SAP,179,2025-09-10,2026-08-20,lfx
Open Component Model,m12,2025-09-10,2026-09-10,Gergely,Skarlso,SAP,SAP,email-domain,2326,9.22,,sap.com,Kubermatic,146,2025-09-15,2026-09-09,lfx
Open Component Model,m12,2025-09-10,2026-09-10,Fabian Burth,fabianburth,SAP,SAP,email-domain,1300,5.15,,sap.com,SAP,91,2025-09-10,2026-08-25,lfx
Open Component Model,m12,2025-09-10,2026-09-10,Jonas Brand,8R0WNI3,SAP,SAP,email-domain,971,3.85,maintainer,sap.com,SAP,165,2025-06-06,2026-05-07,lfx
Open Component Model,m12,2025-09-10,2026-09-10,Piotr Janik,piotrjanik,SAP,SAP,email-domain,871,3.45,,sap.com,,52,2025-09-16,2026-09-03,lfx
Open Component Model,m12,2025-09-10,2026-09-10,Philipp Heil,zkdev,Zeekay,Zeekay,email-domain,705,2.79,,zeekay.dev,SAP @Gardener,74,2025-09-11,2026-07-16,lfx
Open Component Model,m12,2025-09-10,2026-09-10,jneisener,jneisener,Neisener,Individual,personal-domain,658,2.61,,neisener.de,SAP,43,2026-05-28,2026-09-09,lfx
Open Component Model,m12,2025-09-10,2026-09-10,Frederic Wilhelm,,SAP,SAP,email-domain-name,458,1.81,,sap.com,,219,2025-11-14,2026-09-09,lfx
Open Component Model,m12,2025-09-10,2026-09-10,Jonas Brand (8R0WNI3),,SAP,SAP,email-domain-name,400,1.58,,sap.com,,165,2025-06-06,2026-05-07,lfx
Open Component Model,m12,2025-09-10,2026-09-10,Gerald Morrison,morrison-sap,SAP,SAP,email-domain,330,1.31,,sap.com,sap,179,2025-09-10,2026-08-20,lfx
Open Component Model,m12,2025-09-10,2026-09-10,Gerald Morrison,,SAP,SAP,same-person,223,0.88,,users.noreply.github.com,,179,2025-09-10,2026-08-20,lfx
Open Component Model,m12,2025-09-10,2026-09-10,Jonas Brand,,SAP,SAP,same-person,217,0.86,,sap.com,,110,2026-03-27,2026-09-04,lfx
Open Component Model,m12,2025-09-10,2026-09-10,Gergely Brautigam,,SAP,SAP,email-domain-name,180,0.71,,sap.com,,146,2025-09-15,2026-09-09,lfx
Open Component Model,m12,2025-09-10,2026-09-10,Matthias Bruns,,Matthiasbruns,Individual,personal-domain,163,0.65,,matthiasbruns.com,,149,2025-09-12,2026-09-03,lfx
Open Component Model,m12,2025-09-10,2026-09-10,ikhandamirov,ikhandamirov,SAP,SAP,commit-search,121,0.48,,sap.com,,7,2025-09-25,2025-10-31,lfx
Open Component Model,m12,2025-09-10,2026-09-10,Piotr Janik,,SAP,SAP,email-domain-name,106,0.42,,sap.com,,52,2025-09-16,2026-09-03,lfx
Open Component Model,m12,2025-09-10,2026-09-10,Johannes Neisener,,Neisener,Individual,personal-domain,93,0.37,,neisener.de,,43,2026-05-28,2026-09-09,lfx
Open Component Model,m12,2025-09-10,2026-09-10,Tuan,TuanAnh17N,SAP,SAP,github-company,86,0.34,,gmx.de,SAP,14,2025-08-25,2026-03-04,lfx
Open Component Model,m12,2025-09-10,2026-09-10,bedirhan-yilmaz,bedirhan-yilmaz,SAP,SAP,email-domain,66,0.26,,sap.com,SAP,18,2025-11-05,2026-08-10,lfx
Open Component Model,m12,2025-09-10,2026-09-10,BoHristova,BoHristova,SAP,SAP,commit-search,64,0.25,,sap.com,,0,,,lfx
Open Component Model,m12,2025-09-10,2026-09-10,Andreas Thaler,a-thaler,SAP,SAP,email-domain,48,0.19,,sap.com,SAP,4,2026-07-07,2026-07-29,lfx
Open Component Model,m12,2025-09-10,2026-09-10,JanAms130,JanAms130,Individual,Individual,individual,47,0.19,,web.de,,12,2026-05-19,2026-08-05,lfx
Open Component Model,m12,2025-09-10,2026-09-10,Steffen,sk31337,SAP,SAP,commit-search,44,0.17,,sap.com,SAP,6,2025-10-17,2026-07-30,lfx
Open Component Model,m12,2025-09-10,2026-09-10,Christian Cwienk,ccwienk,SAP,SAP,email-domain,43,0.17,,sap.com,SAP,0,,,lfx
Open Component Model,m12,2025-09-10,2026-09-10,Tuan,,SAP,SAP,same-person,40,0.16,,gmx.de,,0,,,lfx
Open Component Model,m12,2025-09-10,2026-09-10,federated-github-access,federated-github-access,Individual,Individual,individual,39,0.15,,,,0,,,lfx
Open Component Model,m12,2025-09-10,2026-09-10,Jonas Brand (8R0WNI3),,SAP,SAP,email-domain-name,39,0.15,,sap.com,,165,2025-06-06,2026-05-07,lfx
Open Component Model,m12,2025-09-10,2026-09-10,Chris Schneider,ChrisSchneider,Chris Bk,Chris Bk,commit-search,35,0.14,,chris-bk.de,SAP,23,2026-07-29,2026-08-31,lfx
Open Component Model,m12,2025-09-10,2026-09-10,ben-yil,,Individual,Individual,individual,28,0.11,,,,0,,,lfx
Open Component Model,m12,2025-09-10,2026-09-10,Torsten Dangel,TorstenD-SAP,SAP,SAP,email-domain,27,0.11,,sap.com,SAP,10,2026-01-09,2026-03-19,lfx
Open Component Model,m12,2025-09-10,2026-09-10,Chris Schneider,,Chris Bk,Chris Bk,same-person,25,0.1,,chris-bk.de,,23,2026-07-29,2026-08-31,lfx
Open Component Model,m12,2025-09-10,2026-09-10,JanAms130,,Individual,Individual,individual,24,0.1,,,,12,2026-05-19,2026-08-05,lfx
Open Component Model,m12,2025-09-10,2026-09-10,chrisbleyerSAP,chrisbleyerSAP,SAP,Individual,personal-domain,22,0.09,,sap.com,,4,2026-03-08,2026-04-10,lfx
Open Component Model,m12,2025-09-10,2026-09-10,Chris Schneider,,Chris Bk,Chris Bk,same-person,22,0.09,,chris-bk.de,,23,2026-07-29,2026-08-31,lfx
Open Component Model,m12,2025-09-10,2026-09-10,Alexander Bassmanow,,Individual,Individual,individual,20,0.08,,,,0,,,lfx
Open Component Model,m12,2025-09-10,2026-09-10,Nelo-T. Wallus,ntnn,SAP,SAP,email-domain,16,0.06,,sap.com,SAP SE,3,2026-08-18,2026-08-19,lfx
Open Component Model,m12,2025-09-10,2026-09-10,alexbass01,alexbass01,SAP,SAP,email-domain,16,0.06,,sap.com,,10,2026-08-13,2026-09-07,lfx
Open Component Model,m12,2025-09-10,2026-09-10,Angel Kafazov,akafazov,CST,CST,email-domain,13,0.05,,cst-bg.net,,2,2026-08-27,2026-08-31,lfx
Open Component Model,m12,2025-09-10,2026-09-10,Frederic Wilhelm,,SAP,SAP,email-domain-name,13,0.05,,sap.com,,219,2025-11-14,2026-09-09,lfx
Open Component Model,m12,2025-09-10,2026-09-10,ikhandamirov,,SAP,SAP,same-person,13,0.05,,sap.com,,7,2025-09-25,2025-10-31,lfx
Open Component Model,m12,2025-09-10,2026-09-10,Bozhidara Hristova,,Individual,Individual,individual,13,0.05,,,,11,2025-10-15,2026-01-27,lfx
Open Component Model,m12,2025-09-10,2026-09-10,Rene Schuenemann,reshnm,SAP,SAP,email-domain,12,0.05,,sap.com,,3,2026-02-24,2026-05-07,lfx
Open Component Model,m12,2025-09-10,2026-09-10,Bozhidara Hristova,,Individual,Individual,individual,12,0.05,,,,11,2025-10-15,2026-01-27,lfx
Open Component Model,m12,2025-09-10,2026-09-10,Hilmar Falkenberg,hilmarf,SAP,SAP,email-domain,11,0.04,,sap.com,,0,,,lfx
Open Component Model,m12,2025-09-10,2026-09-10,sk31337,,Individual,Individual,individual,9,0.04,,,,0,,,lfx
Open Component Model,m12,2025-09-10,2026-09-10,Maohsiang,titanlien,Mhlien,Mhlien,commit-search,8,0.03,,mhlien.de,SAP SE,1,2026-06-08,2026-06-08,lfx
Open Component Model,m12,2025-09-10,2026-09-10,Gergely Czuczy,gczuczy,Harmless,Harmless,email-domain,8,0.03,,harmless.hu,,1,2025-11-06,2025-11-06,lfx
Open Component Model,m12,2025-09-10,2026-09-10,Ilya Khandamirov,,Individual,Individual,individual,7,0.03,,,,0,,,lfx
Open Component Model,m12,2025-09-10,2026-09-10,Steffen,,SAP,SAP,same-person,7,0.03,,sap.com,,6,2025-10-17,2026-07-30,lfx
Open Component Model,m12,2025-09-10,2026-09-10,Umang2608,Umang2608,Individual,Individual,individual,6,0.02,,,,0,,,lfx
Open Component Model,m12,2025-09-10,2026-09-10,Linus Roepert,lsroe,SAP,SAP,email-domain,6,0.02,,sap.com,,3,2025-09-10,2025-09-12,lfx
Open Component Model,m12,2025-09-10,2026-09-10,Dan Small,dee0sap,SAP,SAP,commit-search,6,0.02,,sap.com,,2,2025-11-19,2025-11-20,lfx
Open Component Model,m12,2025-09-10,2026-09-10,Rene Schuenemann,,SAP,SAP,same-person,5,0.02,,sap.com,,0,,,lfx
Open Component Model,m12,2025-09-10,2026-09-10,Vasu Chandrasekhara,vasu1124,Actvirtual,Actvirtual,email-domain,4,0.02,,actvirtual.com,SAP,1,2025-12-29,2025-12-29,lfx
Open Component Model,m12,2025-09-10,2026-09-10,mabo235,mabo235,Individual,Individual,individual,4,0.02,,,,0,,,lfx
Open Component Model,m12,2025-09-10,2026-09-10,Christoph Bleyer,,Individual,Individual,individual,4,0.02,,,,0,,,lfx
Open Component Model,m12,2025-09-10,2026-09-10,Torsten Dangel,,SAP,SAP,email-domain-name,4,0.02,,sap.com,,13,2025-11-13,2026-03-27,lfx
Open Component Model,m12,2025-09-10,2026-09-10,chrisbleyerSAP,,Individual,Individual,individual,4,0.02,,,,4,2026-03-08,2026-04-10,lfx
Open Component Model,m12,2025-09-10,2026-09-10,Aleksa Sarai,cyphar,Cyphar,Cyphar,commit-search,3,0.01,,cyphar.com,amutable-systems,0,,,lfx
Open Component Model,m12,2025-09-10,2026-09-10,David Siregar,dattito,Duck,Duck,email-domain,3,0.01,,duck.com,,1,2025-10-08,2025-10-08,lfx
Open Component Model,m12,2025-09-10,2026-09-10,Linus Roepert,,SAP,SAP,email-domain-name,3,0.01,,sap.com,,3,2025-09-10,2025-09-12,lfx
Open Component Model,m12,2025-09-10,2026-09-10,Archanaa,dynamic-Archu,Amrita,Amrita,commit-search,3,0.01,,ch.students.amrita.edu,,0,,,lfx
Open Component Model,m12,2025-09-10,2026-09-10,Franziska Schallhorn,Franziska-Schallhorn,SAP,SAP,email-domain,3,0.01,,sap.com,SAP SE,0,,,lfx
Open Component Model,m12,2025-09-10,2026-09-10,Patryk Dobrowolski,,SAP,SAP,email-domain-name,2,0.01,,sap.com,,1,2026-07-21,2026-07-21,lfx
Open Component Model,m12,2025-09-10,2026-09-10,Maohsiang @ SAP SE,,Individual,Individual,individual,2,0.01,,,,1,2026-06-08,2026-06-08,lfx
Open Component Model,m12,2025-09-10,2026-09-10,Nik Voss,trevex,Individual,Individual,individual,2,0.01,,,,0,,,lfx
Open Component Model,m12,2025-09-10,2026-09-10,Christian Hüning,christianhuening,Opendefense,Opendefense,commit-search,2,0.01,,opendefense.cloud,,1,2026-07-21,2026-07-21,lfx
Open Component Model,m12,2025-09-10,2026-09-10,Jory Burson,jorydotcom,Thestoryofjory,Thestoryofjory,commit-search,2,0.01,,thestoryofjory.com,,0,,,lfx
Open Component Model,m12,2025-09-10,2026-09-10,Tim,,Individual,Individual,individual,2,0.01,,,,1,2025-11-04,2025-11-04,lfx
Open Component Model,m12,2025-09-10,2026-09-10,ben-yil,ben-yil,Individual,Individual,individual,2,0.01,,,,0,,,lfx
Open Component Model,m12,2025-09-10,2026-09-10,knp-sap,knp-sap,Individual,Individual,individual,2,0.01,,users.noreply.github.com,,1,2026-06-15,2026-06-15,lfx
Open Component Model,m12,2025-09-10,2026-09-10,MoD Stellmacher,Perseus985,Stellmacher,Individual,personal-domain,2,0.01,,stellmacher.xyz,,0,,,lfx
Open Component Model,m12,2025-09-10,2026-09-10,Matthias Bruns,,Matthiasbruns,Individual,personal-domain,1,0,,matthiasbruns.com,,149,2025-09-12,2026-09-03,lfx
Open Component Model,m12,2025-09-10,2026-09-10,David Siregar,,Duck,Duck,email-domain-name,1,0,,duck.com,,1,2025-10-08,2025-10-08,lfx
Open Component Model,m12,2025-09-10,2026-09-10,Uwe Krueger,mandelsoft,SAP,SAP,email-domain,1,0,,sap.com,,0,,,lfx
Open Component Model,m12,2025-09-10,2026-09-10,Moritz Marby,n3rdc4ptn,SAP,SAP,email-domain,1,0,,sap.com,sap,0,,,lfx
Open Component Model,m12,2025-09-10,2026-09-10,Wojciech Sołtys,Sawthis,SAP,SAP,commit-search,1,0,,sap.com,SAP,1,2026-07-30,2026-07-30,lfx
Open Component Model,m12,2025-09-10,2026-09-10,Wojciech Sołtys,,SAP,SAP,same-person,1,0,,sap.com,,1,2026-07-30,2026-07-30,lfx
Open Component Model,m12,2025-09-10,2026-09-10,Tim Geimer,Avarei,Individual,Individual,individual,1,0,,,,0,,,lfx
Open Component Model,m12,2025-09-10,2026-09-10,Christian Hüning,,Opendefense,Opendefense,same-person,1,0,,opendefense.cloud,,1,2026-07-21,2026-07-21,lfx
Open Component Model,m12,2025-09-10,2026-09-10,Soule BA,souleb,Weaveworks,Weaveworks,email-domain,1,0,,weave.works,,0,,,lfx
Open Component Model,m12,2025-09-10,2026-09-10,Christian Hüning,,Opendefense,Opendefense,same-person,1,0,,opendefense.cloud,,1,2026-07-21,2026-07-21,lfx
Open Component Model,m12,2025-09-10,2026-09-10,Dan Small,,SAP,SAP,same-person,1,0,,sap.com,,0,,,lfx
Open Component Model,m12,2025-09-10,2026-09-10,Wojciech Sołtys,,SAP,SAP,same-person,1,0,,sap.com,,1,2026-07-30,2026-07-30,lfx
Open Component Model,m12,2025-09-10,2026-09-10,Michael5601,Michael5601,SAP,SAP,commit-search,1,0,,sap.com,,0,,,lfx
Open Component Model,m12,2025-09-10,2026-09-10,Frederic Wilhelm,,SAP,SAP,email-domain-name,1,0,,sap.com,,219,2025-11-14,2026-09-09,lfx
Open Component Model,m12,2025-09-10,2026-09-10,Umang2608,,Individual,Individual,individual,1,0,,,,0,,,lfx
Open Component Model,m12,2025-09-10,2026-09-10,Archanaa,,Amrita,Amrita,same-person,1,0,,ch.students.amrita.edu,,0,,,lfx
Open Component Model,m12,2025-09-10,2026-09-10,ChiaraP812,ChiaraP812,Individual,Individual,individual,1,0,,,,0,,,lfx
Open Component Model,m12,2025-09-10,2026-09-10,knp-sap,,Individual,Individual,individual,1,0,,,,1,2026-06-15,2026-06-15,lfx
Open Component Model,m12,2025-09-10,2026-09-10,Piotr Janik,,SAP,SAP,email-domain-name,1,0,,sap.com,,52,2025-09-16,2026-09-03,lfx
Open Component Model,m12,2025-09-10,2026-09-10,DevBot,,Individual,Individual,individual,1,0,,,,0,,,lfx
Open Component Model,m12,2025-09-10,2026-09-10,Kostadin Plachkov,,Individual,Individual,individual,1,0,,,,0,,,lfx
Greenhouse,m12,2025-09-10,2026-09-10,Ivo Gosemann,ivogoman,SAP,SAP,commit-search,1603,12.85,maintainer,sap.com,SAP SE,0,,,lfx
Greenhouse,m12,2025-09-10,2026-09-10,Jonathan Schwarze,jolusch,SAP,SAP,email-domain-name,842,6.75,,sap.com,,106,2025-10-08,2026-08-26,lfx
Greenhouse,m12,2025-09-10,2026-09-10,Abhijith Ravindra,abhijith-darshan,SAP,SAP,commit-search,824,6.6,,sap.com,SAP,78,2025-09-15,2026-09-09,lfx
Greenhouse,m12,2025-09-10,2026-09-10,ArtieReus,ArtieReus,SAP,SAP,email-domain,726,5.82,,sap.com,,51,2025-09-12,2026-06-01,lfx
Greenhouse,m12,2025-09-10,2026-09-10,Timo Johner,timojohlo,SAP,SAP,commit-search,697,5.59,,sap.com,,88,2025-09-16,2026-09-08,lfx
Greenhouse,m12,2025-09-10,2026-09-10,Thomas Rouaux,trouaux,SAP,SAP,commit-search,603,4.83,,sap.com,,62,2025-10-13,2026-08-21,lfx
Greenhouse,m12,2025-09-10,2026-09-10,Franz Heidl,franzheidl,Franzheidl,Individual,personal-domain,486,3.89,maintainer,franzheidl.de,,68,2025-10-21,2026-09-02,lfx
Greenhouse,m12,2025-09-10,2026-09-10,Taimoor Aslam,taymoor89,SAP,SAP,email-domain,466,3.73,,sap.com,SAP,34,2025-09-18,2026-07-20,lfx
Greenhouse,m12,2025-09-10,2026-09-10,Guoda Puidokaite,guoda-puidokaite,Individual,Individual,individual,443,3.55,,users.noreply.github.com,,38,2025-09-12,2026-08-20,lfx
Greenhouse,m12,2025-09-10,2026-09-10,Tilman,TilmanHaupt,SAP,SAP,email-domain,379,3.04,,sap.com,SAP SE,2,2025-12-15,2026-02-19,lfx
Greenhouse,m12,2025-09-10,2026-09-10,Krzysztof Zagorski,Zaggy21,Individual,Individual,individual,357,2.86,,gmail.com,,39,2025-09-30,2026-08-10,lfx
Greenhouse,m12,2025-09-10,2026-09-10,Akshay Iyyadurai,ibakshay,SAP,SAP,email-domain,343,2.75,,sap.com,,26,2025-09-18,2026-08-05,lfx
Greenhouse,m12,2025-09-10,2026-09-10,Mikolaj Kucinski,mikolajkucinski,Individual,Individual,individual,336,2.69,,gmail.com,,46,2025-09-19,2026-09-09,lfx
Greenhouse,m12,2025-09-10,2026-09-10,Hoda,hodanoori,SAP,SAP,email-domain,320,2.56,maintainer,sap.com,,21,2025-10-15,2026-09-01,lfx
Greenhouse,m12,2025-09-10,2026-09-10,Simon Olander,olandr,SAP,SAP,email-domain,310,2.48,,sap.com,SAP-cloud-infrastructure,30,2025-11-07,2026-08-31,lfx
Greenhouse,m12,2025-09-10,2026-09-10,Onur Yılmaz,onuryilmaz,SAP,SAP,email-domain,296,2.37,,sap.com,,26,2025-09-26,2026-08-24,lfx
Greenhouse,m12,2025-09-10,2026-09-10,edda,edda,SAP,SAP,email-domain,261,2.09,maintainer,sap.com,,11,2026-02-17,2026-07-01,lfx
Greenhouse,m12,2025-09-10,2026-09-10,k-fabryczny,k-fabryczny,SAP,SAP,email-domain,240,1.92,,sap.com,,6,2026-02-09,2026-08-12,lfx
Greenhouse,m12,2025-09-10,2026-09-10,Uwe Mayer,uwe-mayer,SAP,SAP,commit-search,223,1.79,maintainer,sap.com,,29,2025-10-07,2026-06-23,lfx
Greenhouse,m12,2025-09-10,2026-09-10,Olaf Heydorn,Kuckkuck,SAP,SAP,email-domain,200,1.6,,sap.com,SAP SE,20,2025-10-01,2026-08-24,lfx
Greenhouse,m12,2025-09-10,2026-09-10,Tommy Sauer,viennaa,SAP,SAP,email-domain,184,1.47,,sap.com,SAP,3,2025-11-21,2026-03-05,lfx
Greenhouse,m12,2025-09-10,2026-09-10,MartinS-git,MartinS-git,Eyepic,Eyepic,email-domain,167,1.34,,eyepic.de,,10,2025-12-16,2026-06-29,lfx
Greenhouse,m12,2025-09-10,2026-09-10,ztomaszewska,ztomaszewska,SAP,SAP,email-domain,157,1.26,,sap.com,,20,2026-06-16,2026-09-09,lfx
Greenhouse,m12,2025-09-10,2026-09-10,vlad-schur-external-sap,vlad-schur-external-sap,SAP,Individual,personal-domain,118,0.95,,sap.com,,9,2026-02-13,2026-08-07,lfx
Greenhouse,m12,2025-09-10,2026-09-10,Timo,,Individual,Individual,individual,107,0.86,,,,88,2025-09-16,2026-09-08,lfx
Greenhouse,m12,2025-09-10,2026-09-10,Abhijith Ravindra,,SAP,SAP,same-person,101,0.81,,sap.com,,78,2025-09-15,2026-09-09,lfx
Greenhouse,m12,2025-09-10,2026-09-10,Arturo Reuschenbach,,Individual,Individual,individual,95,0.76,,,,51,2025-09-12,2026-06-01,lfx
Greenhouse,m12,2025-09-10,2026-09-10,Andreas Pfau,andypf,SAP,SAP,email-domain,83,0.67,maintainer,sap.com,,0,,,lfx
Greenhouse,m12,2025-09-10,2026-09-10,KirylSAP,KirylSAP,SAP,Individual,personal-domain,82,0.66,,sap.com,,4,2026-02-16,2026-09-04,lfx
Greenhouse,m12,2025-09-10,2026-09-10,Piotr Skamruk,jellonek,Mirantis,Mirantis,commit-search,81,0.65,,mirantis.com,,7,2026-06-11,2026-08-26,lfx
Greenhouse,m12,2025-09-10,2026-09-10,Franz Heidl,,Franzheidl,Individual,personal-domain,75,0.6,,franzheidl.de,,68,2025-10-21,2026-09-02,lfx
Greenhouse,m12,2025-09-10,2026-09-10,Thomas Rouaux,,SAP,SAP,same-person,67,0.54,,sap.com,,62,2025-10-13,2026-08-21,lfx
Greenhouse,m12,2025-09-10,2026-09-10,Abhijith Ravindra,,SAP,SAP,same-person,63,0.5,,sap.com,,78,2025-09-15,2026-09-09,lfx
Greenhouse,m12,2025-09-10,2026-09-10,Mikolaj Kucinski,,Individual,Individual,individual,61,0.49,,,,46,2025-09-19,2026-09-09,lfx
Greenhouse,m12,2025-09-10,2026-09-10,Melvin Simmert,melvinsimmert,NTT DATA,NTT DATA,github-company,53,0.42,,users.noreply.github.com,NTT DATA,5,2026-07-28,2026-09-08,lfx
Greenhouse,m12,2025-09-10,2026-09-10,Ganesh Kugulakrishnan,RockSolidScripts,SAP,SAP,commit-search,46,0.37,maintainer,sap.com,,6,2026-06-19,2026-08-12,lfx
Greenhouse,m12,2025-09-10,2026-09-10,Taimoor Aslam,,SAP,SAP,email-domain-name,43,0.34,,sap.com,,34,2025-09-18,2026-07-20,lfx
Greenhouse,m12,2025-09-10,2026-09-10,Guoda,,Individual,Individual,individual,40,0.32,,,,38,2025-09-12,2026-08-20,lfx
Greenhouse,m12,2025-09-10,2026-09-10,Zuzanna Tomaszewska,,Individual,Individual,individual,40,0.32,,,,0,,,lfx
Greenhouse,m12,2025-09-10,2026-09-10,Hans-Georg Winkler,hgw77,SAP,SAP,email-domain,36,0.29,,sap.com,,0,,,lfx
Greenhouse,m12,2025-09-10,2026-09-10,trouaux,,Individual,Individual,individual,36,0.29,,,,0,,,lfx
Greenhouse,m12,2025-09-10,2026-09-10,Hoda,,SAP,SAP,same-person,32,0.26,,sap.com,,21,2025-10-15,2026-09-01,lfx
Greenhouse,m12,2025-09-10,2026-09-10,thecodingshrimp,thecodingshrimp,Tu Berlin,Tu Berlin,commit-search,31,0.25,,campus.tu-berlin.de,Deloitte,4,2026-07-20,2026-08-25,lfx
Greenhouse,m12,2025-09-10,2026-09-10,David Gogl,kengou,Individual,Individual,individual,30,0.24,,users.noreply.github.com,,4,2025-11-05,2025-12-09,lfx
Greenhouse,m12,2025-09-10,2026-09-10,Uwe Mayer,,SAP,SAP,same-person,29,0.23,,sap.com,,29,2025-10-07,2026-06-23,lfx
Greenhouse,m12,2025-09-10,2026-09-10,Franz Heidl,,Franzheidl,Individual,personal-domain,29,0.23,,franzheidl.de,,68,2025-10-21,2026-09-02,lfx
Greenhouse,m12,2025-09-10,2026-09-10,jeoffzheng,jeoffzheng,SAP,SAP,commit-search,24,0.19,,sap.com,,1,2026-05-18,2026-05-18,lfx
Greenhouse,m12,2025-09-10,2026-09-10,sjentzschsap,sjentzschsap,SAP,Individual,personal-domain,24,0.19,,sap.com,,1,2026-05-12,2026-05-12,lfx
Greenhouse,m12,2025-09-10,2026-09-10,vlad-schur-external-sap,,SAP,Individual,personal-domain,22,0.18,,sap.com,,9,2026-02-13,2026-08-07,lfx
Greenhouse,m12,2025-09-10,2026-09-10,jagoleni,jagoleni,SAP,SAP,commit-search,22,0.18,,sap.com,,7,2026-05-21,2026-08-18,lfx
Greenhouse,m12,2025-09-10,2026-09-10,Martin Schulze,,Eyepic,Eyepic,email-domain-name,21,0.17,,eyepic.de,,10,2025-12-16,2026-06-29,lfx
Greenhouse,m12,2025-09-10,2026-09-10,Esther Schmitz,,Individual,Individual,individual,19,0.15,,,,11,2026-02-17,2026-07-01,lfx
Greenhouse,m12,2025-09-10,2026-09-10,aliyilmaz-deloitte,aliyilmaz-deloitte,Deloitte,Individual,personal-domain,18,0.14,,deloitte.de,Deloitte Consulting,3,2026-08-12,2026-08-20,lfx
Greenhouse,m12,2025-09-10,2026-09-10,mdrkb,mdrkb,SAP,SAP,github-company,17,0.14,,users.noreply.github.com,SAP,2,2026-04-09,2026-05-11,lfx
Greenhouse,m12,2025-09-10,2026-09-10,abhijith-darshan,,Individual,Individual,individual,17,0.14,,,,0,,,lfx
Greenhouse,m12,2025-09-10,2026-09-10,amerello-sap,amerello-sap,Individual,Individual,individual,17,0.14,,mailbox.org,,2,2026-05-28,2026-05-28,lfx
Greenhouse,m12,2025-09-10,2026-09-10,Esther Schmitz,,Individual,Individual,individual,15,0.12,,,,11,2026-02-17,2026-07-01,lfx
Greenhouse,m12,2025-09-10,2026-09-10,mark-karnaukh-extern-sap,mark-karnaukh-extern-sap,SAP,Individual,personal-domain,15,0.12,,sap.com,,1,2025-09-12,2025-09-12,lfx
Greenhouse,m12,2025-09-10,2026-09-10,MR2011,MR2011,SAP,SAP,email-domain,15,0.12,,sap.com,,1,2026-05-20,2026-05-20,lfx
Greenhouse,m12,2025-09-10,2026-09-10,Richard Tief,richardtief,SAP,SAP,commit-search,14,0.11,,sap.com,,0,,,lfx
Greenhouse,m12,2025-09-10,2026-09-10,mik-tsi,mik-tsi,SAP,SAP,email-domain,14,0.11,,sap.com,,2,2026-07-06,2026-07-13,lfx
Greenhouse,m12,2025-09-10,2026-09-10,Tilman,,SAP,SAP,same-person,12,0.1,,sap.com,,2,2025-12-15,2026-02-19,lfx
Greenhouse,m12,2025-09-10,2026-09-10,wiltongarcia,wiltongarcia,SAP,SAP,commit-search,11,0.09,,sap.com,,1,2026-08-25,2026-08-25,lfx
Greenhouse,m12,2025-09-10,2026-09-10,I531348,,Individual,Individual,individual,11,0.09,,,,0,,,lfx
Greenhouse,m12,2025-09-10,2026-09-10,anton-paulovich,anton-paulovich,SAP,SAP,email-domain,11,0.09,,sap.com,,1,2026-04-10,2026-04-10,lfx
Greenhouse,m12,2025-09-10,2026-09-10,Klaudiusz Fabryczny,,Individual,Individual,individual,10,0.08,,,,0,,,lfx
Greenhouse,m12,2025-09-10,2026-09-10,vivekthacker007,vivekthacker007,Individual,Individual,individual,10,0.08,,users.noreply.github.com,,2,2026-08-14,2026-09-09,lfx
Greenhouse,m12,2025-09-10,2026-09-10,KirylSAP,,SAP,Individual,personal-domain,10,0.08,,sap.com,,4,2026-02-16,2026-09-04,lfx
Greenhouse,m12,2025-09-10,2026-09-10,Ganesh Kugulakrishnan,,SAP,SAP,same-person,10,0.08,,sap.com,,6,2026-06-19,2026-08-12,lfx
Greenhouse,m12,2025-09-10,2026-09-10,EdrilanBerisha,EdrilanBerisha,SAP,SAP,commit-search,9,0.07,,sap.com,SAP,1,2026-06-12,2026-06-12,lfx
Greenhouse,m12,2025-09-10,2026-09-10,TilmanHaupt,,SAP,SAP,email-domain-name,9,0.07,,sap.com,,0,,,lfx
Greenhouse,m12,2025-09-10,2026-09-10,Hoda Noori,,Individual,Individual,individual,9,0.07,,,,0,,,lfx
Greenhouse,m12,2025-09-10,2026-09-10,dimtas,dimtas,SAP,SAP,commit-search,8,0.06,maintainer,sap.com,,0,,,lfx
Greenhouse,m12,2025-09-10,2026-09-10,Melvin Simmert,,NTT DATA,NTT DATA,same-person,8,0.06,,users.noreply.github.com,,5,2026-07-28,2026-09-08,lfx
Greenhouse,m12,2025-09-10,2026-09-10,q8isar-khan,q8isar-khan,SAP,SAP,email-domain,8,0.06,,sap.com,,2,2026-08-12,2026-08-13,lfx
Greenhouse,m12,2025-09-10,2026-09-10,Dmitri Fedotov,defo89,SAP,SAP,email-domain,7,0.06,,sap.com,,1,2026-08-10,2026-08-10,lfx
Greenhouse,m12,2025-09-10,2026-09-10,notque,notque,Individual,Individual,individual,7,0.06,,,,0,,,lfx
Greenhouse,m12,2025-09-10,2026-09-10,mohammad.sahihi.benis,msahihi,SAP,SAP,github-company,7,0.06,,gmail.com,SAP,1,2026-09-08,2026-09-08,lfx
Greenhouse,m12,2025-09-10,2026-09-10,Carlos Armero,carmeroa,Deloitte,Deloitte,github-company,7,0.06,,users.noreply.github.com,Deloitte,1,2026-07-08,2026-07-08,lfx
Greenhouse,m12,2025-09-10,2026-09-10,Jan-Eike Golenia,,Individual,Individual,individual,7,0.06,,,,7,2026-05-21,2026-08-18,lfx
Greenhouse,m12,2025-09-10,2026-09-10,Jan-Eike Golenia,,Individual,Individual,individual,7,0.06,,,,7,2026-05-21,2026-08-18,lfx
Greenhouse,m12,2025-09-10,2026-09-10,k.zagorski,,Individual,Individual,individual,6,0.05,,,,0,,,lfx
Greenhouse,m12,2025-09-10,2026-09-10,Alican Yilmaz,,Deloitte,Deloitte,email-domain-name,6,0.05,,deloitte.de,,3,2026-08-12,2026-08-20,lfx
Greenhouse,m12,2025-09-10,2026-09-10,kayrus,kayrus,Individual,Individual,individual,5,0.04,,users.noreply.github.com,,0,,,lfx
Greenhouse,m12,2025-09-10,2026-09-10,Andreas Pfau,,A Pfau,A Pfau,email-domain-name,5,0.04,,a-pfau.de,,0,,,lfx
Greenhouse,m12,2025-09-10,2026-09-10,Alican Yilmaz,,Deloitte,Deloitte,email-domain-name,5,0.04,,deloitte.de,,3,2026-08-12,2026-08-20,lfx
Greenhouse,m12,2025-09-10,2026-09-10,Anton Paulovich,,SAP,SAP,email-domain-name,5,0.04,,sap.com,,1,2026-04-10,2026-04-10,lfx
Greenhouse,m12,2025-09-10,2026-09-10,I504010,,Individual,Individual,individual,5,0.04,,,,0,,,lfx
Greenhouse,m12,2025-09-10,2026-09-10,Frazia04,Frazia04,SAP,SAP,commit-search,5,0.04,,sap.com,,1,2026-08-11,2026-08-11,lfx
Greenhouse,m12,2025-09-10,2026-09-10,David Gogl,,Individual,Individual,individual,4,0.03,,,,4,2025-11-05,2025-12-09,lfx
Greenhouse,m12,2025-09-10,2026-09-10,mark-karnaukh-extern-sap,,SAP,Individual,personal-domain,4,0.03,,sap.com,,0,,,lfx
Greenhouse,m12,2025-09-10,2026-09-10,pavankumarmerugu,pavankumarmerugu,Individual,Individual,individual,4,0.03,,,,0,,,lfx
Greenhouse,m12,2025-09-10,2026-09-10,NelTdS,NelTdS,Neltds,Individual,personal-domain,4,0.03,,neltds.de,Deloitte,1,2026-07-29,2026-07-29,lfx
Greenhouse,m12,2025-09-10,2026-09-10,Theodor Ganescu,anastazya,ServerWorks,ServerWorks,github-company,4,0.03,,users.noreply.github.com,ServerWorks,1,2026-06-03,2026-06-03,lfx
Greenhouse,m12,2025-09-10,2026-09-10,adziauho,adziauho,SAP,SAP,email-domain,4,0.03,,sap.com,,1,2026-08-21,2026-08-21,lfx
Greenhouse,m12,2025-09-10,2026-09-10,mtsimafeyeu,,Individual,Individual,individual,4,0.03,,,,0,,,lfx
Greenhouse,m12,2025-09-10,2026-09-10,ashifnihalb,ashifnihalb,SAP,SAP,commit-search,4,0.03,,sap.com,,0,,,lfx
Greenhouse,m12,2025-09-10,2026-09-10,Alejandro Merello,,Individual,Individual,individual,4,0.03,,,,0,,,lfx
Greenhouse,m12,2025-09-10,2026-09-10,thecodingshrimp,,Tu Berlin,Tu Berlin,same-person,4,0.03,,campus.tu-berlin.de,,0,,,lfx
Greenhouse,m12,2025-09-10,2026-09-10,Qaisar Khan,,SAP,SAP,email-domain-name,4,0.03,,sap.com,,2,2026-08-12,2026-08-13,lfx
Greenhouse,m12,2025-09-10,2026-09-10,Kevin Fischer,kevin-fischer,Individual,Individual,individual,4,0.03,,users.noreply.github.com,,1,2026-03-06,2026-03-06,lfx
Greenhouse,m12,2025-09-10,2026-09-10,merugupavankumar,merugupavankumar,SAP,SAP,commit-search,4,0.03,,sap.com,,0,,,lfx
Greenhouse,m12,2025-09-10,2026-09-10,Alican44,Alican44,Individual,Individual,individual,4,0.03,,,,0,,,lfx
Greenhouse,m12,2025-09-10,2026-09-10,sjentzschsap,,SAP,Individual,personal-domain,3,0.02,,sap.com,,1,2026-05-12,2026-05-12,lfx
Greenhouse,m12,2025-09-10,2026-09-10,Ganesh Kugulakrishnan,,SAP,SAP,same-person,3,0.02,,sap.com,,6,2026-06-19,2026-08-12,lfx
Greenhouse,m12,2025-09-10,2026-09-10,goasl,goasl,SAP,SAP,commit-search,3,0.02,,sap.com,,0,,,lfx
Greenhouse,m12,2025-09-10,2026-09-10,crenduchinta88,crenduchinta88,SAP,SAP,commit-search,3,0.02,maintainer,sap.com,,0,,,lfx
Greenhouse,m12,2025-09-10,2026-09-10,Olaf Heydorn,,SAP,SAP,email-domain-name,3,0.02,,sap.com,,20,2025-10-01,2026-08-24,lfx
Greenhouse,m12,2025-09-10,2026-09-10,henrichter-sap,henrichter-sap,SAP,Individual,personal-domain,3,0.02,,sap.com,,1,2026-09-07,2026-09-07,lfx
Greenhouse,m12,2025-09-10,2026-09-10,I753292,christophrichtersap,SAP,SAP,commit-search,2,0.02,,sap.com,,0,,,lfx
Greenhouse,m12,2025-09-10,2026-09-10,Timo Johlo,,Individual,Individual,individual,2,0.02,,,,0,,,lfx
Greenhouse,m12,2025-09-10,2026-09-10,Stefan Majewsky,majewsky,SAP,SAP,commit-search,2,0.02,,sap.com,,0,,,lfx
Greenhouse,m12,2025-09-10,2026-09-10,Franz Heidl,,Franzheidl,Individual,personal-domain,2,0.02,,franzheidl.de,,68,2025-10-21,2026-09-02,lfx
Greenhouse,m12,2025-09-10,2026-09-10,Vivek Thacker,,Individual,Individual,individual,2,0.02,,,,0,,,lfx
Greenhouse,m12,2025-09-10,2026-09-10,vivekthacker007,,Individual,Individual,individual,2,0.02,,,,2,2026-08-14,2026-09-09,lfx
Greenhouse,m12,2025-09-10,2026-09-10,Vivek Thacker,,Individual,Individual,individual,2,0.02,,,,0,,,lfx
Greenhouse,m12,2025-09-10,2026-09-10,Dimitris Τassopoulos,dimtass,Individual,Individual,individual,2,0.02,,,,0,,,lfx
Greenhouse,m12,2025-09-10,2026-09-10,carmeroa,,Individual,Individual,individual,2,0.02,,,,0,,,lfx
Greenhouse,m12,2025-09-10,2026-09-10,Aliaksei Dziauho,,Individual,Individual,individual,2,0.02,,,,0,,,lfx
Greenhouse,m12,2025-09-10,2026-09-10,Melvin Simmert,,NTT DATA,NTT DATA,same-person,2,0.02,,users.noreply.github.com,,5,2026-07-28,2026-09-08,lfx
Greenhouse,m12,2025-09-10,2026-09-10,henrichter-sap,,SAP,Individual,personal-domain,2,0.02,,sap.com,,1,2026-09-07,2026-09-07,lfx
Greenhouse,m12,2025-09-10,2026-09-10,Dmitri Fedotov,,SAP,SAP,email-domain-name,2,0.02,,sap.com,,1,2026-08-10,2026-08-10,lfx
Greenhouse,m12,2025-09-10,2026-09-10,martawright,martawright,Individual,Individual,individual,2,0.02,,,,0,,,lfx
Greenhouse,m12,2025-09-10,2026-09-10,I574614,,Individual,Individual,individual,2,0.02,,,,0,,,lfx
Greenhouse,m12,2025-09-10,2026-09-10,Martin Schulze,,Eyepic,Eyepic,email-domain-name,2,0.02,,eyepic.de,,10,2025-12-16,2026-06-29,lfx
Greenhouse,m12,2025-09-10,2026-09-10,Onur Yilmaz,,Individual,Individual,individual,2,0.02,,,,0,,,lfx
Greenhouse,m12,2025-09-10,2026-09-10,Edrilan Berisha,,SAP,SAP,same-person,2,0.02,,sap.com,,1,2026-06-12,2026-06-12,lfx
Greenhouse,m12,2025-09-10,2026-09-10,Kevin Fischer,,Individual,Individual,individual,2,0.02,,,,1,2026-03-06,2026-03-06,lfx
Greenhouse,m12,2025-09-10,2026-09-10,Rakib,,Individual,Individual,individual,2,0.02,,,,2,2026-04-09,2026-05-11,lfx
Greenhouse,m12,2025-09-10,2026-09-10,c5415956,,Individual,Individual,individual,2,0.02,,,,0,,,lfx
Greenhouse,m12,2025-09-10,2026-09-10,Frazia04,,SAP,SAP,same-person,2,0.02,,sap.com,,1,2026-08-11,2026-08-11,lfx
Greenhouse,m12,2025-09-10,2026-09-10,I588032,,Individual,Individual,individual,2,0.02,,,,0,,,lfx
Greenhouse,m12,2025-09-10,2026-09-10,Qaisar Khan,,SAP,SAP,email-domain-name,2,0.02,,sap.com,,2,2026-08-12,2026-08-13,lfx
Greenhouse,m12,2025-09-10,2026-09-10,Michael Reimsbach,,SAP,SAP,email-domain-name,1,0.01,,sap.com,,1,2026-05-20,2026-05-20,lfx
Greenhouse,m12,2025-09-10,2026-09-10,Sandro Jäckel,SuperSandro2000,SAP,SAP,commit-search,1,0.01,,sap.com,"NixOS, @sapcc, @c3d2",0,,,lfx
Greenhouse,m12,2025-09-10,2026-09-10,David Rochow,drochow,SAP,SAP,commit-search,1,0.01,,sap.com,,0,,,lfx
Greenhouse,m12,2025-09-10,2026-09-10,kayrus,,Individual,Individual,individual,1,0.01,,,,0,,,lfx
Greenhouse,m12,2025-09-10,2026-09-10,anastazya,,Individual,Individual,individual,1,0.01,,,,0,,,lfx
Greenhouse,m12,2025-09-10,2026-09-10,Mikolaj Kucinski,,Individual,Individual,individual,1,0.01,,,,46,2025-09-19,2026-09-09,lfx
Greenhouse,m12,2025-09-10,2026-09-10,👨‍💻,PhilippMatthes,Tu Dresden,Tu Dresden,commit-search,1,0.01,,tu-dresden.de,,0,,,lfx
Greenhouse,m12,2025-09-10,2026-09-10,Arturo Reuschenbach Puncernau,,Individual,Individual,individual,1,0.01,,,,0,,,lfx
Greenhouse,m12,2025-09-10,2026-09-10,Wilton,,Individual,Individual,individual,1,0.01,,,,1,2026-08-25,2026-08-25,lfx
Greenhouse,m12,2025-09-10,2026-09-10,Wilton de Oliveira Garcia,,Individual,Individual,individual,1,0.01,,,,0,,,lfx
Greenhouse,m12,2025-09-10,2026-09-10,Kiryl Mishchuk,,Individual,Individual,individual,1,0.01,,,,0,,,lfx
Greenhouse,m12,2025-09-10,2026-09-10,Dimitrios Tassopoulos,,Individual,Individual,individual,1,0.01,,,,0,,,lfx
Greenhouse,m12,2025-09-10,2026-09-10,adic9000,adic9000,Individual,Individual,individual,1,0.01,,,,0,,,lfx
Greenhouse,m12,2025-09-10,2026-09-10,jeoffzheng,,SAP,SAP,same-person,1,0.01,,sap.com,,1,2026-05-18,2026-05-18,lfx
Greenhouse,m12,2025-09-10,2026-09-10,Theodor Ganescu,,ServerWorks,ServerWorks,same-person,1,0.01,,users.noreply.github.com,,1,2026-06-03,2026-06-03,lfx
Greenhouse,m12,2025-09-10,2026-09-10,timojohlo,,Individual,Individual,individual,1,0.01,,,,0,,,lfx
Greenhouse,m12,2025-09-10,2026-09-10,jeoffzheng,,SAP,SAP,same-person,1,0.01,,sap.com,,1,2026-05-18,2026-05-18,lfx
Greenhouse,m12,2025-09-10,2026-09-10,Nelson Tavares de Sousa,,Neltds,Neltds,email-domain-name,1,0.01,,neltds.de,,1,2026-07-29,2026-07-29,lfx
Greenhouse,m12,2025-09-10,2026-09-10,Nelson Tavares de Sousa,,Neltds,Neltds,email-domain-name,1,0.01,,neltds.de,,1,2026-07-29,2026-07-29,lfx
Greenhouse,m12,2025-09-10,2026-09-10,martaerudyk-cmd,martaerudyk-cmd,Individual,Individual,individual,1,0.01,,,,0,,,lfx
Greenhouse,m12,2025-09-10,2026-09-10,trouaux,,Individual,Individual,individual,1,0.01,,,,0,,,lfx
Greenhouse,m12,2025-09-10,2026-09-10,Michael Reimsbach,,SAP,SAP,email-domain-name,1,0.01,,sap.com,,1,2026-05-20,2026-05-20,lfx
Garden Linux,m12,2025-09-10,2026-09-10,Eike Waldt,yeoldegrove,B1 Systems,B1 Systems,email-domain,619,22.54,,b1-systems.de,b1-systems,619,2025-08-14,2026-09-09,git
Garden Linux,m12,2025-09-10,2026-09-10,Florian Wilhelm,fwilhe,SAP,SAP,email-domain,241,8.78,,sap.com,,241,2025-09-10,2026-03-11,git
Garden Linux,m12,2025-09-10,2026-09-10,Stefan Catargiu,5kt,Individual,Individual,individual,240,8.74,,users.noreply.github.com,,240,2025-09-18,2026-09-08,git
Garden Linux,m12,2025-09-10,2026-09-10,Georgi Chulkov,Gchbg,SAP,SAP,email-domain,165,6.01,,sap.com,,165,2025-09-10,2026-09-09,git
Garden Linux,m12,2025-09-10,2026-09-10,Tiara Lena Hock,ByteOtter,B1 Systems,B1 Systems,email-domain,163,5.94,,b1-systems.de,B1 Systems GmbH,163,2025-08-13,2026-09-07,git
Garden Linux,m12,2025-09-10,2026-09-10,Saubhik Datta,saubhikdattagithub,Individual,Individual,individual,144,5.24,,users.noreply.github.com,,144,2025-09-23,2026-09-08,git
Garden Linux,m12,2025-09-10,2026-09-10,Moritz Kirchner,moritzkirchnersap,SAP,SAP,email-domain,139,5.06,,sap.com,,139,2025-11-28,2026-09-08,git
Garden Linux,m12,2025-09-10,2026-09-10,Vivus Ignis,vivus-ignis,Individual,Individual,individual,125,4.55,,posteo.de,,125,2025-09-22,2026-08-25,git
Garden Linux,m12,2025-09-10,2026-09-10,Tobias Jungel,toanju,Individual,Individual,individual,121,4.41,,users.noreply.github.com,,121,2025-09-17,2026-08-21,git
Garden Linux,m12,2025-09-10,2026-09-10,nkraetzschmar,nkraetzschmar,SAP,SAP,github-company,118,4.3,,users.noreply.github.com,SAP,118,2025-10-13,2026-08-28,git
Garden Linux,m12,2025-09-10,2026-09-10,akendo,Akendo,Akendo,Individual,personal-domain,91,3.31,,akendo.eu,,91,2025-09-23,2026-09-09,git
Garden Linux,m12,2025-09-10,2026-09-10,Bernd Ritter,commel,B1 Systems,B1 Systems,email-domain,71,2.59,,b1-systems.de,b1-systems,71,2025-09-15,2026-08-31,git
Garden Linux,m12,2025-09-10,2026-09-10,SujanaSubr,SujanaSubr,SAP,SAP,email-domain,71,2.59,,sap.com,,71,2025-09-17,2026-08-17,git
Garden Linux,m12,2025-09-10,2026-09-10,Tobias Wolf,nottheevilone,B1 Systems,B1 Systems,email-domain-name,63,2.29,,b1-systems.de,,63,2025-09-25,2026-09-07,git
Garden Linux,m12,2025-09-10,2026-09-10,Darren Hague,dhague,SAP,SAP,email-domain,62,2.26,,sap.com,,62,2025-09-10,2026-08-11,git
Garden Linux,m12,2025-09-10,2026-09-10,Sascha Schmerling,sh4sm,SAP,SAP,email-domain,61,2.22,,sap.com,,61,2026-02-16,2026-09-08,git
Garden Linux,m12,2025-09-10,2026-09-10,Tobias Wolf,NotTheEvilOne,B1 Systems,B1 Systems,email-domain,61,2.22,,b1-systems.de,,61,2025-08-20,2026-08-19,git
Garden Linux,m12,2025-09-10,2026-09-10,Akendo,akendo,Akendo,Individual,personal-domain,40,1.46,,akendo.eu,,40,2025-09-24,2026-07-24,git
Garden Linux,m12,2025-09-10,2026-09-10,Garden Linux Builder,gardenlinux,Individual,Individual,individual,36,1.31,,users.noreply.github.com,,36,2026-01-29,2026-07-25,git
Garden Linux,m12,2025-09-10,2026-09-10,Fabian Koller,anokfireball,Kthxbye,Kthxbye,email-domain,27,0.98,,kthxbye.cyou,,27,2025-10-27,2026-07-16,git
Garden Linux,m12,2025-09-10,2026-09-10,Leon Kniffki,Leon-hk,SAP,SAP,email-domain,23,0.84,,sap.com,,23,2026-01-07,2026-02-26,git
Garden Linux,m12,2025-09-10,2026-09-10,Andre Russ,gehoern,SAP,SAP,email-domain,13,0.47,,sap.com,,13,2025-12-08,2026-04-23,git
Garden Linux,m12,2025-09-10,2026-09-10,Leon,leon-hk,SAP,SAP,commit-search,12,0.44,,sap.com,,12,2025-10-02,2026-03-03,git
Garden Linux,m12,2025-09-10,2026-09-10,Thomas Mangold,tmang0ld,SAP,SAP,email-domain,8,0.29,,sap.com,SAP SE,8,2026-03-10,2026-08-06,git
Garden Linux,m12,2025-09-10,2026-09-10,Denis Brdjanin,brdanin,SAP,SAP,email-domain,7,0.25,,sap.com,,7,2026-02-03,2026-07-22,git
Garden Linux,m12,2025-09-10,2026-09-10,Vincent Riesop,Vincinator,SAP,SAP,email-domain,6,0.22,,sap.com,gardener,6,2025-10-20,2026-08-17,git
Garden Linux,m12,2025-09-10,2026-09-10,Maximilian Moehl,maxmoehl,Moehl,Individual,personal-domain,4,0.15,,moehl.eu,SAP,4,2026-02-17,2026-07-17,git
Garden Linux,m12,2025-09-10,2026-09-10,Janos Binder,janosbinder,SAP,SAP,email-domain,3,0.11,,sap.com,,3,2026-04-24,2026-04-24,git
Garden Linux,m12,2025-09-10,2026-09-10,Fabian Wiesel,fwiesel,SAP,SAP,email-domain,3,0.11,,sap.com,SAP SE,3,2025-10-24,2026-03-05,git
Garden Linux,m12,2025-09-10,2026-09-10,mchristianl,mchristianl,Tu Berlin,Tu Berlin,email-domain,2,0.07,,tet.tu-berlin.de,,2,2025-11-19,2025-12-10,git
Garden Linux,m12,2025-09-10,2026-09-10,Sebastian Heinzenburger,,SAP,SAP,email-domain-name,2,0.07,,sap.com,,2,2026-01-28,2026-02-13,git
Garden Linux,m12,2025-09-10,2026-09-10,Orlix,orlinvasilev,Orlix,Individual,personal-domain,1,0.04,,orlix.org,suse @rancherlabs,1,2026-06-18,2026-06-18,git
Garden Linux,m12,2025-09-10,2026-09-10,henrichter-sap,henrichter-sap,SAP,Individual,personal-domain,1,0.04,,sap.com,,1,2026-08-19,2026-08-19,git
Garden Linux,m12,2025-09-10,2026-09-10,Евгени Димитров,iddpd,SAP,SAP,commit-search,1,0.04,,sap.com,,1,2026-07-14,2026-07-14,git
Garden Linux,m12,2025-09-10,2026-09-10,Thomas Buchner,MrBatschner,SAP,SAP,email-domain,1,0.04,,sap.com,,1,2025-03-28,2025-03-28,git
Garden Linux,m12,2025-09-10,2026-09-10,sramapu,sramapu,Individual,Individual,individual,1,0.04,,users.noreply.github.com,,1,2026-09-08,2026-09-08,git
Platform Mesh,m12,2025-09-10,2026-09-10,Bastian Echterhölter,nexus49,SAP,SAP,email-domain,6370,17.89,maintainer,sap.com,,1042,2025-08-15,2026-06-21,lfx
Platform Mesh,m12,2025-09-10,2026-09-10,Nelo-T. Wallus,ntnn,SAP,SAP,email-domain,5889,16.54,maintainer,sap.com,SAP SE,943,2025-09-11,2026-08-28,lfx
Platform Mesh,m12,2025-09-10,2026-09-10,Angel Kafazov,akafazov,CST,CST,email-domain,4034,11.33,,cst-bg.net,,554,2025-08-22,2026-09-08,lfx
Platform Mesh,m12,2025-09-10,2026-09-10,Aaron Schweig,aaronschweig,SAP,SAP,email-domain,2237,6.28,maintainer,sap.com,SAP,282,2025-09-17,2026-09-04,lfx
Platform Mesh,m12,2025-09-10,2026-09-10,Oleg Ershov,OlegErshov,Individual,Individual,individual,1652,4.64,,gmail.com,,82,2026-04-02,2026-09-03,lfx
Platform Mesh,m12,2025-09-10,2026-09-10,Christoph Lameter,xrstf,Kubermatic,Kubermatic,email-domain,1423,4,,kubermatic.com,Kubermatic,169,2026-02-13,2026-08-28,lfx
Platform Mesh,m12,2025-09-10,2026-09-10,Mangirdas Judeikis,mjudeikis,Judeikis,Individual,personal-domain,1365,3.83,maintainer,judeikis.lt,synpse-hq @kcp-dev @kube-bind @faroshq,154,2025-09-25,2026-09-08,lfx
Platform Mesh,m12,2025-09-10,2026-09-10,gkrajniak,gkrajniak,Individual,Individual,individual,1125,3.16,,gmail.com,,137,2025-09-10,2026-09-08,lfx
Platform Mesh,m12,2025-09-10,2026-09-10,Sobyt483,Sobyt483,Individual,Individual,individual,1070,3.01,,mail.ru,,49,2025-09-10,2026-08-14,lfx
Platform Mesh,m12,2025-09-10,2026-09-10,makdeniss,makdeniss,Mac,Mac,email-domain-name,842,2.36,,mac.lan,,134,2025-09-12,2026-05-21,lfx
Platform Mesh,m12,2025-09-10,2026-09-10,Simon Tesar,simt2,Simontesar,Individual,personal-domain,823,2.31,,simontesar.com,,78,2026-01-07,2026-06-26,lfx
Platform Mesh,m12,2025-09-10,2026-09-10,Marko Mudrinić,xmudrii,kubermatic,Kubermatic,github-company,799,2.24,,gmail.com,kubermatic,123,2025-12-01,2026-09-01,lfx
Platform Mesh,m12,2025-09-10,2026-09-10,Mirza Kopic,mirzakopic,SAP,SAP,email-domain,662,1.86,maintainer,sap.com,,77,2025-09-18,2026-05-28,lfx
Platform Mesh,m12,2025-09-10,2026-09-10,Platform Mesh Technical User,,Individual,Individual,individual,568,1.6,,,,668,2025-09-10,2026-09-08,lfx
Platform Mesh,m12,2025-09-10,2026-09-10,platform-mesh-publisher,platform-mesh-publisher,Individual,Individual,individual,458,1.29,,,,3340,2025-09-09,2026-06-19,lfx
Platform Mesh,m12,2025-09-10,2026-09-10,gkrajniaksap,gkrajniaksap,SAP,Individual,personal-domain,450,1.26,,sap.com,,36,2025-09-10,2026-03-19,lfx
Platform Mesh,m12,2025-09-10,2026-09-10,Mustafa Mustafa,Elbehery,SAP,SAP,email-domain,373,1.05,,sap.com,,73,2026-05-29,2026-08-21,lfx
Platform Mesh,m12,2025-09-10,2026-09-10,FWuermse,FWuermse,SAP,SAP,email-domain,271,0.76,,sap.com,SAP,44,2025-11-18,2026-08-26,lfx
Platform Mesh,m12,2025-09-10,2026-09-10,Robert Vasek,gman0,Cern,Cern,commit-search,266,0.75,,cern.ch,,31,2026-04-18,2026-08-31,lfx
Platform Mesh,m12,2025-09-10,2026-09-10,Karol Szwaj,cnvergence,Kubermatic,Kubermatic,github-company,264,0.74,,gmail.com,Kubermatic,27,2025-09-22,2026-09-09,lfx
Platform Mesh,m12,2025-09-10,2026-09-10,philtk79,philtk79,Individual,Individual,individual,260,0.73,,users.noreply.github.com,,63,2026-01-26,2026-09-07,lfx
Platform Mesh,m12,2025-09-10,2026-09-10,Oleg Ershov,,Individual,Individual,individual,241,0.68,,,,270,2025-09-17,2026-09-03,lfx
Platform Mesh,m12,2025-09-10,2026-09-10,Grzegorz Krajniak,,SAP,SAP,email-domain-name,218,0.61,,sap.com,,173,2025-09-10,2026-09-08,lfx
Platform Mesh,m12,2025-09-10,2026-09-10,MoD Stellmacher,Perseus985,Stellmacher,Individual,personal-domain,200,0.56,,stellmacher.xyz,,28,2026-07-13,2026-09-07,lfx
Platform Mesh,m12,2025-09-10,2026-09-10,Aleh Yarshou,,Individual,Individual,individual,198,0.56,,,,0,,,lfx
Platform Mesh,m12,2025-09-10,2026-09-10,kekcleader,kekcleader,Individual,Individual,individual,169,0.47,,gmail.com,,2,2025-10-13,2025-10-13,lfx
Platform Mesh,m12,2025-09-10,2026-09-10,Deniss Makarenkov,,Individual,Individual,individual,163,0.46,,,,0,,,lfx
Platform Mesh,m12,2025-09-10,2026-09-10,Grzegorz Krajniak,,SAP,SAP,email-domain-name,160,0.45,,sap.com,,173,2025-09-10,2026-09-08,lfx
Platform Mesh,m12,2025-09-10,2026-09-10,Mustafa Elbehery,,SAP,SAP,email-domain-name,153,0.43,,sap.com,,73,2026-05-29,2026-08-21,lfx
Platform Mesh,m12,2025-09-10,2026-09-10,Peter Teich,pteich,SAP,SAP,email-domain,152,0.43,,sap.com,,45,2025-10-07,2026-08-26,lfx
Platform Mesh,m12,2025-09-10,2026-09-10,platform-mesh-approver,platform-mesh-approver,Individual,Individual,individual,143,0.4,,,,0,,,lfx
Platform Mesh,m12,2025-09-10,2026-09-10,iakmc,iakmc,Kubermatic,Kubermatic,email-domain,142,0.4,,kubermatic.com,,31,2026-02-10,2026-09-08,lfx
Platform Mesh,m12,2025-09-10,2026-09-10,Sobyt483,,Individual,Individual,individual,138,0.39,,,,161,2025-09-10,2026-09-07,lfx
Platform Mesh,m12,2025-09-10,2026-09-10,Wiktor Chomik,wchomik,SAP,SAP,email-domain,137,0.38,,sap.com,,14,2025-11-03,2025-12-15,lfx
Platform Mesh,m12,2025-09-10,2026-09-10,vertex451,vertex451,Individual,Individual,individual,130,0.37,,gmail.com,,5,2025-10-09,2025-10-21,lfx
Platform Mesh,m12,2025-09-10,2026-09-10,Boris Marinov,,Individual,Individual,individual,108,0.3,,,,50,2026-07-02,2026-09-02,lfx
Platform Mesh,m12,2025-09-10,2026-09-10,pm-tech-user,pm-tech-user,Individual,Individual,individual,101,0.28,,gmail.com,,568,2025-10-30,2026-09-08,lfx
Platform Mesh,m12,2025-09-10,2026-09-10,Platform Mesh Technical User,,Individual,Individual,individual,100,0.28,,,,668,2025-09-10,2026-09-08,lfx
Platform Mesh,m12,2025-09-10,2026-09-10,brsmnv,brsmnv,Individual,Individual,individual,93,0.26,,proton.me,,50,2026-07-02,2026-09-02,lfx
Platform Mesh,m12,2025-09-10,2026-09-10,MoD Stellmacher,,Individual,Individual,individual,89,0.25,,,,0,,,lfx
Platform Mesh,m12,2025-09-10,2026-09-10,Leidy Patricia Garzón Rodriguez,lpgarzonr,SAP,SAP,email-domain,88,0.25,,sap.com,SAP,10,2026-07-06,2026-08-31,lfx
Platform Mesh,m12,2025-09-10,2026-09-10,Till,,Individual,Individual,individual,75,0.21,,,,63,2026-01-26,2026-09-07,lfx
Platform Mesh,m12,2025-09-10,2026-09-10,tobias-oetzel,tobias-oetzel,SAP,SAP,email-domain,71,0.2,,sap.com,,14,2025-10-21,2026-08-07,lfx
Platform Mesh,m12,2025-09-10,2026-09-10,Sobyt483,,Individual,Individual,individual,65,0.18,,,,161,2025-09-10,2026-09-07,lfx
Platform Mesh,m12,2025-09-10,2026-09-10,Igor Fominykh,ifdotpy,SAP,SAP,email-domain,64,0.18,,sap.com,,10,2026-04-22,2026-08-26,lfx
Platform Mesh,m12,2025-09-10,2026-09-10,Simon Bein,simontheleg,Individual,Individual,individual,62,0.17,,,,11,2025-10-24,2026-07-24,lfx
Platform Mesh,m12,2025-09-10,2026-09-10,Cyrill Berg,BergCyrill,Opendefense,Opendefense,email-domain,62,0.17,,opendefense.cloud,,12,2026-07-22,2026-09-07,lfx
Platform Mesh,m12,2025-09-10,2026-09-10,Steffen,sk31337,SAP,SAP,commit-search,57,0.16,,sap.com,SAP,1,2026-01-20,2026-01-20,lfx
Platform Mesh,m12,2025-09-10,2026-09-10,Florian Wuermseer,,SAP,SAP,email-domain-name,57,0.16,,sap.com,,28,2026-04-21,2026-08-26,lfx
Platform Mesh,m12,2025-09-10,2026-09-10,vzipf,vzipf,SAP,SAP,email-domain,56,0.16,,sap.com,,8,2026-03-27,2026-08-31,lfx
Platform Mesh,m12,2025-09-10,2026-09-10,meng,mengliwg,Individual,Individual,individual,53,0.15,,users.noreply.github.com,,7,2026-06-19,2026-09-01,lfx
Platform Mesh,m12,2025-09-10,2026-09-10,Kevin Stellmacher,,Stellmacher,Individual,personal-domain,49,0.14,,stellmacher.xyz,,70,2026-04-16,2026-09-07,lfx
Platform Mesh,m12,2025-09-10,2026-09-10,Nikita R.,nuromirg,SAP,SAP,email-domain,47,0.13,,sap.com,,5,2026-04-06,2026-08-13,lfx
Platform Mesh,m12,2025-09-10,2026-09-10,Theodor Ganescu,anastazya,ServerWorks,ServerWorks,github-company,43,0.12,,users.noreply.github.com,ServerWorks,14,2026-07-27,2026-09-08,lfx
Platform Mesh,m12,2025-09-10,2026-09-10,Peter Teich,,SAP,SAP,email-domain-name,35,0.1,,sap.com,,37,2026-03-11,2026-08-26,lfx
Platform Mesh,m12,2025-09-10,2026-09-10,SimonBurmer,SimonBurmer,SAP,SAP,email-domain,34,0.1,,sap.com,SAP,1,2026-04-21,2026-04-21,lfx
Platform Mesh,m12,2025-09-10,2026-09-10,Roman,hellsontime,Individual,Individual,individual,34,0.1,,gmail.com,,18,2026-07-29,2026-09-03,lfx
Platform Mesh,m12,2025-09-10,2026-09-10,ogligorov,ogligorov,SAP,SAP,email-domain,33,0.09,,sap.com,SAP,12,2026-02-03,2026-08-10,lfx
Platform Mesh,m12,2025-09-10,2026-09-10,Raman Kanapeshka,,Individual,Individual,individual,33,0.09,,,,0,,,lfx
Platform Mesh,m12,2025-09-10,2026-09-10,Florian Würmseer,,Individual,Individual,individual,31,0.09,,,,16,2025-11-18,2026-06-08,lfx
Platform Mesh,m12,2025-09-10,2026-09-10,ducke,,Team Orca,Team Orca,email-domain-name,29,0.08,,team-orca.dev,,14,2026-07-21,2026-07-22,lfx
Platform Mesh,m12,2025-09-10,2026-09-10,Leidy Patricia Garzon Rodriguez,,SAP,SAP,same-person,27,0.08,,sap.com,,5,2026-07-06,2026-07-28,lfx
Platform Mesh,m12,2025-09-10,2026-09-10,makdeniss,,Mac,Mac,email-domain-name,25,0.07,,mac.lan,,157,2025-09-10,2026-05-21,lfx
Platform Mesh,m12,2025-09-10,2026-09-10,Frederic Wilhelm,frewilhelm,SAP,SAP,email-domain,22,0.06,,sap.com,SAP SE,6,2026-03-31,2026-03-31,lfx
Platform Mesh,m12,2025-09-10,2026-09-10,j-holub,j-holub,Individual,Individual,individual,19,0.05,,gmx.net,,2,2026-01-14,2026-08-13,lfx
Platform Mesh,m12,2025-09-10,2026-09-10,Klaus Kiefer,klaus-sap,SAP,SAP,email-domain,19,0.05,,sap.com,SAP SE,1,2026-05-11,2026-05-11,lfx
Platform Mesh,m12,2025-09-10,2026-09-10,Tobias Oetzel,,SAP,SAP,email-domain-name,18,0.05,,sap.com,,14,2025-10-21,2026-08-07,lfx
Platform Mesh,m12,2025-09-10,2026-09-10,Theodor Ganescu,,ServerWorks,ServerWorks,same-person,18,0.05,,users.noreply.github.com,,14,2026-07-27,2026-09-08,lfx
Platform Mesh,m12,2025-09-10,2026-09-10,Cyrill Berg,,Opendefense,Opendefense,email-domain-name,18,0.05,,opendefense.cloud,,12,2026-07-22,2026-09-07,lfx
Platform Mesh,m12,2025-09-10,2026-09-10,Manuel Henke,ducke,Individual,Individual,individual,17,0.05,,gmail.com,,5,2026-07-22,2026-07-23,lfx
Platform Mesh,m12,2025-09-10,2026-09-10,Artem Shcherbatiuk,,Individual,Individual,individual,17,0.05,,,,5,2025-10-09,2025-10-21,lfx
Platform Mesh,m12,2025-09-10,2026-09-10,Jonas Lingg,hyperlingg,SAP,SAP,email-domain-name,16,0.04,,sap.com,,1,2026-08-26,2026-08-26,lfx
Platform Mesh,m12,2025-09-10,2026-09-10,Jordan Ole Gligorov,,SAP,SAP,email-domain-name,14,0.04,,sap.com,,12,2026-02-03,2026-08-10,lfx
Platform Mesh,m12,2025-09-10,2026-09-10,Igor Fominykh,,SAP,SAP,email-domain-name,14,0.04,,sap.com,,10,2026-04-22,2026-08-26,lfx
Platform Mesh,m12,2025-09-10,2026-09-10,mengliwg,,Individual,Individual,individual,14,0.04,,,,0,,,lfx
Platform Mesh,m12,2025-09-10,2026-09-10,Peter,,Individual,Individual,individual,12,0.03,,,,8,2025-10-07,2026-04-17,lfx
Platform Mesh,m12,2025-09-10,2026-09-10,Andrian Krautsou,,Individual,Individual,individual,12,0.03,,,,0,,,lfx
Platform Mesh,m12,2025-09-10,2026-09-10,Olalekan Odukoya,olamilekan000,Individual,Individual,individual,12,0.03,,gmail.com,,1,2026-08-28,2026-08-28,lfx
Platform Mesh,m12,2025-09-10,2026-09-10,Frederic Wilhelm,,SAP,SAP,email-domain-name,12,0.03,,sap.com,,6,2026-03-31,2026-03-31,lfx
Platform Mesh,m12,2025-09-10,2026-09-10,Valentin Zipf,,SAP,SAP,email-domain-name,10,0.03,,sap.com,,8,2026-03-27,2026-08-31,lfx
Platform Mesh,m12,2025-09-10,2026-09-10,anastazya,,Individual,Individual,individual,10,0.03,,,,0,,,lfx
Platform Mesh,m12,2025-09-10,2026-09-10,Manuel Henke,,Individual,Individual,individual,10,0.03,,,,5,2026-07-22,2026-07-23,lfx
Platform Mesh,m12,2025-09-10,2026-09-10,makdeniss,,Mac,Mac,email-domain-name,9,0.03,,mac.lan,,157,2025-09-10,2026-05-21,lfx
Platform Mesh,m12,2025-09-10,2026-09-10,Moritz Marby,n3rdc4ptn,SAP,SAP,email-domain,9,0.03,,sap.com,sap,2,2026-01-29,2026-04-15,lfx
Platform Mesh,m12,2025-09-10,2026-09-10,Jakob Möller,jakobmoellerdev,SAP,SAP,email-domain,9,0.03,,sap.com,SAP SE,1,2026-08-14,2026-08-14,lfx
Platform Mesh,m12,2025-09-10,2026-09-10,Tino Butz,tjbutz,SAP,SAP,email-domain,8,0.02,maintainer,sap.com,,1,2026-04-02,2026-04-02,lfx
Platform Mesh,m12,2025-09-10,2026-09-10,Dominik Weidenfeld,dweidenfeld,SAP,SAP,commit-search,7,0.02,,sap.com,,0,,,lfx
Platform Mesh,m12,2025-09-10,2026-09-10,aleksei-paramonov,aleksei-paramonov,SAP,SAP,commit-search,7,0.02,,sap.com,,0,,,lfx
Platform Mesh,m12,2025-09-10,2026-09-10,Wiktor Chomik,,SAP,SAP,email-domain-name,7,0.02,,sap.com,,14,2025-11-03,2025-12-15,lfx
Platform Mesh,m12,2025-09-10,2026-09-10,Wiktor Chomik,,SAP,SAP,email-domain-name,7,0.02,,sap.com,,14,2025-11-03,2025-12-15,lfx
Platform Mesh,m12,2025-09-10,2026-09-10,Roman,,Individual,Individual,individual,7,0.02,,,,5,2026-08-06,2026-08-12,lfx
Platform Mesh,m12,2025-09-10,2026-09-10,Vasu Chandrasekhara,vasu1124,Actvirtual,Actvirtual,email-domain,6,0.02,,actvirtual.com,SAP,0,,,lfx
Platform Mesh,m12,2025-09-10,2026-09-10,vince spa,,Bwi,Bwi,same-person,6,0.02,,bwi.de,,0,,,lfx
Platform Mesh,m12,2025-09-10,2026-09-10,tobias-oetzel,,SAP,SAP,email-domain-name,6,0.02,,sap.com,,14,2025-10-21,2026-08-07,lfx
Platform Mesh,m12,2025-09-10,2026-09-10,Ajinkya Patil,ajinkyapatil8190,SAP,SAP,email-domain,5,0.01,,sap.com,"SAP SE, Germany",2,2025-10-13,2026-02-22,lfx
Platform Mesh,m12,2025-09-10,2026-09-10,VinceSpa,the-vas,Bwi,Bwi,email-domain,5,0.01,,bwi.de,,3,2026-07-23,2026-07-23,lfx
Platform Mesh,m12,2025-09-10,2026-09-10,makdeniss,,Mac,Mac,email-domain-name,4,0.01,,mac.lan,,157,2025-09-10,2026-05-21,lfx
Platform Mesh,m12,2025-09-10,2026-09-10,Lucas Gehlen,rencooo,Individual,Individual,individual,4,0.01,,,,0,,,lfx
Platform Mesh,m12,2025-09-10,2026-09-10,Valentin Zipf,,SAP,SAP,email-domain-name,4,0.01,,sap.com,,8,2026-03-27,2026-08-31,lfx
Platform Mesh,m12,2025-09-10,2026-09-10,Sugar-pack,Sugar-pack,Epam,Epam,commit-search,4,0.01,,epam.com,,0,,,lfx
Platform Mesh,m12,2025-09-10,2026-09-10,Bob The Builder,mjudeikis-bot,Individual,Individual,individual,4,0.01,,gmail.com,,2,2026-03-10,2026-03-10,lfx
Platform Mesh,m12,2025-09-10,2026-09-10,Maohsiang,titanlien,Mhlien,Mhlien,commit-search,3,0.01,,mhlien.de,SAP SE,0,,,lfx
Platform Mesh,m12,2025-09-10,2026-09-10,Philipp Heil,zkdev,Zeekay,Zeekay,email-domain,3,0.01,,zeekay.dev,SAP @Gardener,0,,,lfx
Platform Mesh,m12,2025-09-10,2026-09-10,Tobias Gruetzmacher,TobiX,23,23,commit-search,2,0.01,,23.gs,,0,,,lfx
Platform Mesh,m12,2025-09-10,2026-09-10,Gergely,Skarlso,SAP,SAP,email-domain,2,0.01,,sap.com,Kubermatic,0,,,lfx
Platform Mesh,m12,2025-09-10,2026-09-10,Steffen,,SAP,SAP,same-person,2,0.01,,sap.com,,1,2026-01-20,2026-01-20,lfx
Platform Mesh,m12,2025-09-10,2026-09-10,Artur Efimov,,Individual,Individual,individual,2,0.01,,,,2,2025-10-13,2025-10-13,lfx
Platform Mesh,m12,2025-09-10,2026-09-10,Jan Holub,,Individual,Individual,individual,2,0.01,,,,2,2026-01-14,2026-08-13,lfx
Platform Mesh,m12,2025-09-10,2026-09-10,cmdaltent,cmdaltent,Cmdaltent,Individual,personal-domain,2,0.01,,cmdaltent.net,,0,,,lfx
Platform Mesh,m12,2025-09-10,2026-09-10,Timur Akhmadiev,,Individual,Individual,individual,2,0.01,,,,2,2026-04-27,2026-04-27,lfx
Platform Mesh,m12,2025-09-10,2026-09-10,Jonas Lingg,,SAP,SAP,email-domain-name,2,0.01,,sap.com,,1,2026-08-26,2026-08-26,lfx
Platform Mesh,m12,2025-09-10,2026-09-10,Simon Burmer,,SAP,SAP,same-person,2,0.01,,sap.com,,0,,,lfx
Platform Mesh,m12,2025-09-10,2026-09-10,Bob The Builder,,Individual,Individual,individual,2,0.01,,,,2,2026-03-10,2026-03-10,lfx
Platform Mesh,m12,2025-09-10,2026-09-10,Tino Butz,,SAP,SAP,email-domain-name,1,0,,sap.com,,1,2026-04-02,2026-04-02,lfx
Platform Mesh,m12,2025-09-10,2026-09-10,Jan Holub,,Individual,Individual,individual,1,0,,,,2,2026-01-14,2026-08-13,lfx
Platform Mesh,m12,2025-09-10,2026-09-10,Marek Szalik,m-szalik,Jsoftware,Jsoftware,commit-search,1,0,,jsoftware.org,,0,,,lfx
Platform Mesh,m12,2025-09-10,2026-09-10,Maximilian Lenkeit,mlenkeit,SAP,SAP,commit-search,1,0,,sap.com,,0,,,lfx
Platform Mesh,m12,2025-09-10,2026-09-10,Ian C.,icorbett,Fernworks,Fernworks,commit-search,1,0,,fernworks.net,,0,,,lfx
Platform Mesh,m12,2025-09-10,2026-09-10,"Mueller, Florian",fmui,Apache,Apache,commit-search,1,0,,apache.org,,0,,,lfx
Platform Mesh,m12,2025-09-10,2026-09-10,this-is-not-used,this-is-not-used,Individual,Individual,individual,1,0,,,,0,,,lfx
Platform Mesh,m12,2025-09-10,2026-09-10,Moritz Marby,,SAP,SAP,email-domain-name,1,0,,sap.com,,2,2026-01-29,2026-04-15,lfx
Platform Mesh,m12,2025-09-10,2026-09-10,wchomik,,Individual,Individual,individual,1,0,,,,0,,,lfx
Platform Mesh,m12,2025-09-10,2026-09-10,Moritz Marby,,SAP,SAP,email-domain-name,1,0,,sap.com,,2,2026-01-29,2026-04-15,lfx
Platform Mesh,m12,2025-09-10,2026-09-10,Angel Kafazov,,CST,CST,email-domain-name,1,0,,cst-bg.net,,554,2025-08-22,2026-09-08,lfx
Platform Mesh,m12,2025-09-10,2026-09-10,Marko Mudrinić,,kubermatic,Kubermatic,same-person,1,0,,gmail.com,,123,2025-12-01,2026-09-01,lfx
Chantico,m12,2025-09-10,2026-09-10,lhelwerd,lhelwerd,TNO,TNO,email-domain,276,26.34,,tno.nl,,186,2025-10-03,2026-08-28,lfx
Chantico,m12,2025-09-10,2026-09-10,Leon Helwerda,,TNO,TNO,email-domain-name,237,22.61,,tno.nl,,186,2025-10-03,2026-08-28,lfx
Chantico,m12,2025-09-10,2026-09-10,JeroenKappe,JeroenKappe,TNO,TNO,email-domain,125,11.93,,tno.nl,TNO-MISD,74,2025-10-03,2026-07-24,lfx
Chantico,m12,2025-09-10,2026-09-10,Jeroen Kappé,,TNO,TNO,email-domain-name,119,11.35,,tno.nl,,74,2025-10-03,2026-07-24,lfx
Chantico,m12,2025-09-10,2026-09-10,RobinCamarasa,,TNO,TNO,email-domain-name,87,8.3,,tno.nl,,87,2025-10-03,2026-07-30,lfx
Chantico,m12,2025-09-10,2026-09-10,clanks-miner-9o,clanks-miner-9o,Individual,Individual,individual,76,7.25,,icloud.com,,4,2026-03-17,2026-07-07,lfx
Chantico,m12,2025-09-10,2026-09-10,stijnsa-tno,stijnsa-tno,TNO,Individual,personal-domain,32,3.05,,tno.nl,,4,2026-06-05,2026-07-31,lfx
Chantico,m12,2025-09-10,2026-09-10,MagielBruntink,MagielBruntink,TNO,TNO,email-domain,17,1.62,,tno.nl,TNO,2,2026-05-01,2026-05-18,lfx
Chantico,m12,2025-09-10,2026-09-10,RobinCamarasa,RobinCamarasa,TNO,TNO,email-domain,17,1.62,,tno.nl,TNO,87,2025-10-03,2026-07-30,lfx
Chantico,m12,2025-09-10,2026-09-10,Robin Camarasa,,TNO,TNO,email-domain-name,16,1.53,,tno.nl,,87,2025-10-03,2026-07-30,lfx
Chantico,m12,2025-09-10,2026-09-10,AndrewRutherfoord,AndrewRutherfoord,Individual,Individual,individual,8,0.76,,,,0,,,lfx
Chantico,m12,2025-09-10,2026-09-10,Zef Wolffs,,TNO,TNO,email-domain-name,7,0.67,,tno.nl,,6,2026-02-20,2026-04-13,lfx
Chantico,m12,2025-09-10,2026-09-10,anne,,Individual,Individual,individual,6,0.57,,,,0,,,lfx
Chantico,m12,2025-09-10,2026-09-10,clanks-miner-9o,,Individual,Individual,individual,6,0.57,,,,4,2026-03-17,2026-07-07,lfx
Chantico,m12,2025-09-10,2026-09-10,aqilaziz,aqilaziz,MAM 1 Paciran Lamongan,MAM 1 Paciran Lamongan,github-company,5,0.48,,,MAM 1 Paciran Lamongan,0,,,lfx
Chantico,m12,2025-09-10,2026-09-10,Zeff020,Zeff020,TNO,TNO,email-domain,5,0.48,,tno.nl,Maastricht University,6,2026-02-20,2026-04-13,lfx
Chantico,m12,2025-09-10,2026-09-10,semicomplete,,Individual,Individual,individual,4,0.38,,,,0,,,lfx
Chantico,m12,2025-09-10,2026-09-10,Magiel Bruntink,,TNO,TNO,email-domain-name,2,0.19,,tno.nl,,2,2026-05-01,2026-05-18,lfx
Chantico,m12,2025-09-10,2026-09-10,khelban12,,Individual,Individual,individual,1,0.1,,,,0,,,lfx
Chantico,m12,2025-09-10,2026-09-10,Zeff020,,TNO,TNO,same-person,1,0.1,,tno.nl,,0,,,lfx
Chantico,m12,2025-09-10,2026-09-10,Magiel Bruntink,,TNO,TNO,email-domain-name,1,0.1,,tno.nl,,2,2026-05-01,2026-05-18,lfx
Luigi,m3,2026-06-10,2026-09-10,Philipp Pracht,hardl,SAP,SAP,email-domain,822,43.33,maintainer,sap.com,,64,2026-06-11,2026-08-19,lfx
Luigi,m3,2026-06-10,2026-09-10,JohannesDoberer,JohannesDoberer,SAP,SAP,email-domain,512,26.99,maintainer,sap.com,SAP,50,2026-06-12,2026-08-17,lfx
Luigi,m3,2026-06-10,2026-09-10,walmazacn,walmazacn,SAP,SAP,email-domain,388,20.45,maintainer,sap.com,,22,2026-06-12,2026-09-04,lfx
Luigi,m3,2026-06-10,2026-09-10,Johannes Doberer,,SAP,SAP,email-domain-name,94,4.96,,sap.com,,50,2026-06-12,2026-08-17,lfx
Luigi,m3,2026-06-10,2026-09-10,Waldemar Mazurek,,SAP,SAP,email-domain-name,31,1.63,,sap.com,,22,2026-06-12,2026-09-04,lfx
Luigi,m3,2026-06-10,2026-09-10,Anupam Mediratta,anupamme,University of Edinburgh,University of Edinburgh,github-company,16,0.84,,gmail.com,University of Edinburgh,1,2026-07-23,2026-07-23,lfx
Luigi,m3,2026-06-10,2026-09-10,Zain Asif,zain-asif-dev,Individual,Individual,individual,9,0.47,,users.noreply.github.com,,1,2026-07-07,2026-07-07,lfx
Luigi,m3,2026-06-10,2026-09-10,c5346163,c5346163,SAP,SAP,commit-search,6,0.32,,sap.com,,0,,,lfx
Luigi,m3,2026-06-10,2026-09-10,tomaioo,tomaioo,Individual,Individual,individual,6,0.32,,,,0,,,lfx
Luigi,m3,2026-06-10,2026-09-10,luantaraschi,luantaraschi,Individual,Individual,individual,6,0.32,,users.noreply.github.com,,1,2026-08-17,2026-08-17,lfx
Luigi,m3,2026-06-10,2026-09-10,Luan Taraschi,,Individual,Individual,individual,2,0.11,,,,1,2026-08-17,2026-08-17,lfx
Luigi,m3,2026-06-10,2026-09-10,Zain Asif,,Individual,Individual,individual,1,0.05,,,,1,2026-07-07,2026-07-07,lfx
Luigi,m3,2026-06-10,2026-09-10,Waldemar Mazurek,,SAP,SAP,email-domain-name,1,0.05,,sap.com,,22,2026-06-12,2026-09-04,lfx
Luigi,m3,2026-06-10,2026-09-10,VincentUllal,VincentUllal,Individual,Individual,individual,1,0.05,,,,0,,,lfx
Luigi,m3,2026-06-10,2026-09-10,Sobyt483,Sobyt483,Individual,Individual,individual,1,0.05,,mail.ru,,0,,,lfx
Luigi,m3,2026-06-10,2026-09-10,Zain Asif,,Individual,Individual,individual,1,0.05,,,,1,2026-07-07,2026-07-07,lfx
IronCore,m3,2026-06-10,2026-09-10,Andreas Fritzler,afritzler,SAP,SAP,email-domain,1513,19.41,maintainer,sap.com,SAP @ironcore-dev @gardener,85,2026-06-10,2026-09-09,lfx
IronCore,m3,2026-06-10,2026-09-10,Daniel Gonzalez,gonzolino,SAP,SAP,email-domain,823,10.56,,sap.com,SAP,155,2026-06-01,2026-09-08,lfx
IronCore,m3,2026-06-10,2026-09-10,Maximilian Moehl,maxmoehl,Moehl,Individual,personal-domain,503,6.45,maintainer,moehl.eu,SAP,44,2026-04-27,2026-08-27,lfx
IronCore,m3,2026-06-10,2026-09-10,"Riegger, Felix",friegger,SAP,SAP,email-domain,501,6.43,,sap.com,SAP SE,60,2026-06-10,2026-09-09,lfx
IronCore,m3,2026-06-10,2026-09-10,Lukas Frank,lukasfrank,SAP,SAP,email-domain,498,6.39,maintainer,sap.com,,36,2026-06-26,2026-09-04,lfx
IronCore,m3,2026-06-10,2026-09-10,Felix Kästner,felix-kaestner,SAP,SAP,email-domain,485,6.22,,sap.com,SAP-cloud-infrastructure,118,2026-02-06,2026-09-03,lfx
IronCore,m3,2026-06-10,2026-09-10,Hardik Dodiya,hardikdr,SAP,SAP,email-domain,275,3.53,,sap.com,ironcore-dev @gardener @iitkanpur @sap @kubernetes,2,2026-06-30,2026-09-03,lfx
IronCore,m3,2026-06-10,2026-09-10,Felix Kästner,,SAP,SAP,email-domain-name,222,2.85,,sap.com,,118,2026-02-06,2026-09-03,lfx
IronCore,m3,2026-06-10,2026-09-10,Stefan Hipfel,stefanhipfel,SAP,SAP,email-domain,221,2.84,,sap.com,SAP SE,22,2026-06-12,2026-08-26,lfx
IronCore,m3,2026-06-10,2026-09-10,Daniel Gonzalez Nothnagel,dgdelahera,SAP,SAP,email-domain-name,200,2.57,,sap.com,playtomic,45,2026-06-01,2026-07-16,lfx
IronCore,m3,2026-06-10,2026-09-10,xkonni,xkonni,SAP,SAP,email-domain,197,2.53,,sap.com,SAP,19,2026-06-10,2026-09-02,lfx
IronCore,m3,2026-06-10,2026-09-10,Martin Kalcok,mkalcok,SAP,SAP,email-domain,191,2.45,,sap.com,Canonical,37,2026-06-10,2026-09-09,lfx
IronCore,m3,2026-06-10,2026-09-10,"Li, Tao",byteocean,SAP,SAP,email-domain,178,2.28,,sap.com,,15,2026-06-26,2026-09-04,lfx
IronCore,m3,2026-06-10,2026-09-10,Felix Kästner,,SAP,SAP,email-domain-name,165,2.12,,sap.com,,118,2026-02-06,2026-09-03,lfx
IronCore,m3,2026-06-10,2026-09-10,Axel Christ,adracus,SAP,SAP,email-domain,149,1.91,,sap.com,SAP,7,2026-06-25,2026-08-10,lfx
IronCore,m3,2026-06-10,2026-09-10,nikatza,nikatza,SAP,SAP,email-domain,144,1.85,,sap.com,SAP,18,2026-06-04,2026-09-02,lfx
IronCore,m3,2026-06-10,2026-09-10,Alexander Lais,peanball,SAP,SAP,email-domain,121,1.55,,sap.com,SAP,5,2026-07-23,2026-07-30,lfx
IronCore,m3,2026-06-10,2026-09-10,Daniel Gonzalez,,SAP,SAP,same-person,113,1.45,,sap.com,,110,2026-06-11,2026-09-08,lfx
IronCore,m3,2026-06-10,2026-09-10,nagadeesh-nagaraja,nagadeesh-nagaraja,SAP,SAP,email-domain,111,1.42,,sap.com,SAP SE,9,2026-06-16,2026-08-13,lfx
IronCore,m3,2026-06-10,2026-09-10,Damyan Yordanov,damyan,SAP,SAP,email-domain,109,1.4,,sap.com,SAP @IronCore,5,2026-06-29,2026-08-11,lfx
IronCore,m3,2026-06-10,2026-09-10,Ivo Gosemann,ivogoman,SAP,SAP,commit-search,77,0.99,,sap.com,SAP SE,2,2026-07-24,2026-09-03,lfx
IronCore,m3,2026-06-10,2026-09-10,Robert Gildein,rgildein,Canonical,Canonical,commit-search,54,0.69,,canonical.com,,2,2026-08-10,2026-08-20,lfx
IronCore,m3,2026-06-10,2026-09-10,Martin Kalcok,,SAP,SAP,email-domain-name,49,0.63,,sap.com,,37,2026-06-10,2026-09-09,lfx
IronCore,m3,2026-06-10,2026-09-10,atd9876,atd9876,SAP,SAP,commit-search,44,0.56,,sap.com,,11,2026-07-10,2026-08-20,lfx
IronCore,m3,2026-06-10,2026-09-10,Sebastian Wagner,swagner-de,SAP,SAP,email-domain,42,0.54,,sap.com,SAP-cloud-infrastructure,1,2026-06-30,2026-06-30,lfx
IronCore,m3,2026-06-10,2026-09-10,adamtrizuljak-sap,adamtrizuljak-sap,SAP,Individual,personal-domain,39,0.5,,sap.com,,2,2026-07-30,2026-08-03,lfx
IronCore,m3,2026-06-10,2026-09-10,Rohit,Rohit-0505,T-Systems ICT India Pvt. Ltd,Deutsche Telekom,github-company,38,0.49,,gmail.com,T-Systems ICT India Pvt. Ltd,2,2026-08-07,2026-08-07,lfx
IronCore,m3,2026-06-10,2026-09-10,Lukas Frank,,SAP,SAP,email-domain-name,37,0.47,,sap.com,,36,2026-06-26,2026-09-04,lfx
IronCore,m3,2026-06-10,2026-09-10,Tao Li,,Individual,Individual,individual,34,0.44,,,,14,2026-06-26,2026-09-04,lfx
IronCore,m3,2026-06-10,2026-09-10,Pujol,,SAP,SAP,email-domain-name,34,0.44,,sap.com,,18,2026-06-04,2026-09-02,lfx
IronCore,m3,2026-06-10,2026-09-10,Alan Sergeant,asergeant01,SAP,SAP,email-domain,33,0.42,,sap.com,,2,2026-06-10,2026-07-24,lfx
IronCore,m3,2026-06-10,2026-09-10,Stefan Hipfel,,SAP,SAP,email-domain-name,33,0.42,,sap.com,,22,2026-06-12,2026-08-26,lfx
IronCore,m3,2026-06-10,2026-09-10,sven-rosenzweig,sven-rosenzweig,SAP,SAP,email-domain,31,0.4,,sap.com,,6,2026-05-26,2026-08-06,lfx
IronCore,m3,2026-06-10,2026-09-10,Sujeet Sujeet,sujeet01,T-Systems,Deutsche Telekom,github-company,30,0.38,,gmail.com,T-Systems,6,2026-07-20,2026-08-20,lfx
IronCore,m3,2026-06-10,2026-09-10,Tao Li,,Individual,Individual,individual,27,0.35,,,,14,2026-06-26,2026-09-04,lfx
IronCore,m3,2026-06-10,2026-09-10,Martin Kalcok,,SAP,SAP,email-domain-name,27,0.35,,sap.com,,37,2026-06-10,2026-09-09,lfx
IronCore,m3,2026-06-10,2026-09-10,PlagueCZ,PlagueCZ,Individual,Individual,individual,23,0.3,,gmail.com,,7,2026-06-10,2026-06-23,lfx
IronCore,m3,2026-06-10,2026-09-10,Konstantin Koslowski,,SAP,SAP,email-domain-name,19,0.24,,sap.com,,19,2026-06-10,2026-09-02,lfx
IronCore,m3,2026-06-10,2026-09-10,Konstantin Koslowski,,SAP,SAP,email-domain-name,18,0.23,,sap.com,,19,2026-06-10,2026-09-02,lfx
IronCore,m3,2026-06-10,2026-09-10,Nag,,SAP,SAP,email-domain-name,18,0.23,,sap.com,,9,2026-06-16,2026-08-13,lfx
IronCore,m3,2026-06-10,2026-09-10,Enric Pujol,,Individual,Individual,individual,18,0.23,,,,2,2026-07-24,2026-09-03,lfx
IronCore,m3,2026-06-10,2026-09-10,Axel Christ,,SAP,SAP,email-domain-name,16,0.21,,sap.com,,7,2026-06-25,2026-08-10,lfx
IronCore,m3,2026-06-10,2026-09-10,Simon Tesar,simt2,Simontesar,Individual,personal-domain,14,0.18,,simontesar.com,,2,2026-07-15,2026-07-21,lfx
IronCore,m3,2026-06-10,2026-09-10,johamster,johamster,SAP,SAP,email-domain,14,0.18,,sap.com,,2,2026-08-18,2026-08-18,lfx
IronCore,m3,2026-06-10,2026-09-10,Rohit Kumar,,Individual,Individual,individual,13,0.17,,,,2,2026-08-07,2026-08-07,lfx
IronCore,m3,2026-06-10,2026-09-10,Stefan Hipfel,,SAP,SAP,email-domain-name,13,0.17,,sap.com,,22,2026-06-12,2026-08-26,lfx
IronCore,m3,2026-06-10,2026-09-10,ushabelgur,ushabelgur,T-Systems,Deutsche Telekom,email-domain,12,0.15,,t-systems.com,T-Systems,4,2026-07-30,2026-08-18,lfx
IronCore,m3,2026-06-10,2026-09-10,Rohit,,T-Systems ICT India Pvt. Ltd,Deutsche Telekom,same-person,12,0.15,,gmail.com,,12,2026-06-12,2026-09-04,lfx
IronCore,m3,2026-06-10,2026-09-10,Andrew Dodds,,Individual,Individual,individual,11,0.14,,,,11,2026-07-10,2026-08-20,lfx
IronCore,m3,2026-06-10,2026-09-10,Rico Gu,ricogu,SAP,SAP,commit-search,11,0.14,,sap.com,SAP SE,1,2026-06-11,2026-06-11,lfx
IronCore,m3,2026-06-10,2026-09-10,Andrew Dodds,,Individual,Individual,individual,11,0.14,,,,11,2026-07-10,2026-08-20,lfx
IronCore,m3,2026-06-10,2026-09-10,Nik Voss,trevex,Individual,Individual,individual,10,0.13,,,,0,,,lfx
IronCore,m3,2026-06-10,2026-09-10,Parasyris Nikolaos,nikParasyr,Nikparasyr,Nikparasyr,email-domain,10,0.13,,nikparasyr.com,SURF,3,2026-07-24,2026-08-03,lfx
IronCore,m3,2026-06-10,2026-09-10,Hsiu-Chi “蔡秀吉”,thc1006,Linux,Linux,commit-search,9,0.12,,linux.com,"Taipei City Hospital, Yangming Branch",1,2026-09-03,2026-09-03,lfx
IronCore,m3,2026-06-10,2026-09-10,Sven Rosenzweig,,SAP,SAP,email-domain-name,9,0.12,,sap.com,,6,2026-05-26,2026-08-06,lfx
IronCore,m3,2026-06-10,2026-09-10,anton-paulovich,anton-paulovich,SAP,SAP,email-domain,9,0.12,,sap.com,,3,2026-06-10,2026-06-24,lfx
IronCore,m3,2026-06-10,2026-09-10,Tobias Anker,kitsudaiki,Kitsunemimi,Kitsunemimi,commit-search,8,0.1,,kitsunemimi.moe,,0,,,lfx
IronCore,m3,2026-06-10,2026-09-10,ushabelgur,,T-Systems,Deutsche Telekom,email-domain-name,8,0.1,,t-systems.com,,4,2026-07-30,2026-08-18,lfx
IronCore,m3,2026-06-10,2026-09-10,Jaromír Smrček,,Individual,Individual,individual,7,0.09,,,,7,2026-06-10,2026-06-23,lfx
IronCore,m3,2026-06-10,2026-09-10,Matus Taraba,mTarabyte,SAP,SAP,email-domain,6,0.08,maintainer,sap.com,SAP,2,2026-08-20,2026-08-20,lfx
IronCore,m3,2026-06-10,2026-09-10,Anton Paulovich,,SAP,SAP,email-domain-name,6,0.08,,sap.com,,3,2026-06-10,2026-06-24,lfx
IronCore,m3,2026-06-10,2026-09-10,markus-hentsch,markus-hentsch,Cloudandheat,Cloudandheat,commit-search,6,0.08,,cloudandheat.com,Cloud&Heat Technologies GmbH,2,2026-08-26,2026-09-08,lfx
IronCore,m3,2026-06-10,2026-09-10,SamiraBriongos,SamiraBriongos,Individual,Individual,individual,5,0.06,,,,2,2026-07-10,2026-08-27,lfx
IronCore,m3,2026-06-10,2026-09-10,Sebastian Wagner,,SAP,SAP,email-domain-name,5,0.06,,sap.com,,1,2026-06-30,2026-06-30,lfx
IronCore,m3,2026-06-10,2026-09-10,elinalin,elinalin,SAP,SAP,email-domain,5,0.06,,sap.com,,1,2026-07-06,2026-07-06,lfx
IronCore,m3,2026-06-10,2026-09-10,Nagadeesh Nagaraja,,SAP,SAP,same-person,5,0.06,,sap.com,,2,2026-07-24,2026-09-03,lfx
IronCore,m3,2026-06-10,2026-09-10,Guvenc Gulce,,SAP,SAP,email-domain-name,4,0.05,,sap.com,,1,2026-08-01,2026-08-01,lfx
IronCore,m3,2026-06-10,2026-09-10,shyamtss,shyamtss,SAP,SAP,commit-search,4,0.05,,sap.com,,2,2026-07-24,2026-09-03,lfx
IronCore,m3,2026-06-10,2026-09-10,Artem Torubarov,arttor,Clyso,Clyso,commit-search,4,0.05,,clyso.com,clyso,0,,,lfx
IronCore,m3,2026-06-10,2026-09-10,Vladimir Videlov,videlov,SAP,SAP,email-domain,4,0.05,,sap.com,SAP,0,,,lfx
IronCore,m3,2026-06-10,2026-09-10,nikParasyr,,Individual,Individual,individual,4,0.05,,,,2,2026-07-24,2026-09-03,lfx
IronCore,m3,2026-06-10,2026-09-10,Damyan Yordanov,,SAP,SAP,email-domain-name,4,0.05,,sap.com,,5,2026-06-29,2026-08-11,lfx
IronCore,m3,2026-06-10,2026-09-10,Alan Sergeant,,SAP,SAP,email-domain-name,4,0.05,,sap.com,,2,2026-06-10,2026-07-24,lfx
IronCore,m3,2026-06-10,2026-09-10,Sven Rosenzweig,,SAP,SAP,email-domain-name,4,0.05,,sap.com,,6,2026-05-26,2026-08-06,lfx
IronCore,m3,2026-06-10,2026-09-10,Matus Taraba,,SAP,SAP,email-domain-name,4,0.05,,sap.com,,2,2026-08-20,2026-08-20,lfx
IronCore,m3,2026-06-10,2026-09-10,Adam Trizuljak,,Individual,Individual,individual,4,0.05,,,,2,2026-07-24,2026-09-03,lfx
IronCore,m3,2026-06-10,2026-09-10,Aysenur A.,A-AKPINAR,Individual,Individual,individual,4,0.05,,,,0,,,lfx
IronCore,m3,2026-06-10,2026-09-10,Fabian Wiesel,fwiesel,SAP,SAP,email-domain,3,0.04,,sap.com,SAP SE,0,,,lfx
IronCore,m3,2026-06-10,2026-09-10,Markus Hentsch,,Cloudandheat,Cloudandheat,same-person,3,0.04,,cloudandheat.com,,2,2026-08-26,2026-09-08,lfx
IronCore,m3,2026-06-10,2026-09-10,shyamsundart14,shyamsundart14,Individual,Individual,individual,3,0.04,,,,2,2026-07-24,2026-09-03,lfx
IronCore,m3,2026-06-10,2026-09-10,Guvenc Gulce,guvenc,SAP,SAP,email-domain,3,0.04,maintainer,sap.com,,1,2026-08-01,2026-08-01,lfx
IronCore,m3,2026-06-10,2026-09-10,Greenpepper15,Greenpepper15,Individual,Individual,individual,3,0.04,,,,0,,,lfx
IronCore,m3,2026-06-10,2026-09-10,kasabe28,kasabe28,T-Systems,Deutsche Telekom,email-domain,3,0.04,,t-systems.com,,1,2026-06-25,2026-06-25,lfx
IronCore,m3,2026-06-10,2026-09-10,iddpd,iddpd,SAP,SAP,commit-search,3,0.04,,sap.com,,1,2026-07-24,2026-07-24,lfx
IronCore,m3,2026-06-10,2026-09-10,davidgrun,davidgrun,SAP,SAP,github-company,3,0.04,,users.noreply.github.com,SAP,2,2026-07-24,2026-09-03,lfx
IronCore,m3,2026-06-10,2026-09-10,SamiraBriongos,,Individual,Individual,individual,3,0.04,,,,2,2026-07-10,2026-08-27,lfx
IronCore,m3,2026-06-10,2026-09-10,Pooja-Sangle,Pooja-Sangle,SAP,SAP,commit-search,3,0.04,,sap.com,,1,2026-09-04,2026-09-04,lfx
IronCore,m3,2026-06-10,2026-09-10,Marian Schwarz,SchwarzM,SAP,SAP,commit-search,2,0.03,,sap.com,sapcc,0,,,lfx
IronCore,m3,2026-06-10,2026-09-10,yahor-kurachkin,yahor-kurachkin,SAP,SAP,email-domain,2,0.03,,sap.com,,1,2026-08-04,2026-08-04,lfx
IronCore,m3,2026-06-10,2026-09-10,Robert Gildein,,Canonical,Canonical,same-person,2,0.03,,canonical.com,,2,2026-08-10,2026-08-20,lfx
IronCore,m3,2026-06-10,2026-09-10,Robert Gildein,,Canonical,Canonical,same-person,2,0.03,,canonical.com,,2,2026-08-10,2026-08-20,lfx
IronCore,m3,2026-06-10,2026-09-10,Sandro Jäckel,SuperSandro2000,SAP,SAP,commit-search,2,0.03,,sap.com,"NixOS, @sapcc, @c3d2",0,,,lfx
IronCore,m3,2026-06-10,2026-09-10,Dmitri Fedotov,defo89,SAP,SAP,email-domain,2,0.03,,sap.com,,0,,,lfx
IronCore,m3,2026-06-10,2026-09-10,Sebastian Wagner,,SAP,SAP,email-domain-name,2,0.03,,sap.com,,1,2026-06-30,2026-06-30,lfx
IronCore,m3,2026-06-10,2026-09-10,Minmin Lin,,SAP,SAP,email-domain-name,2,0.03,,sap.com,,2,2026-07-24,2026-09-03,lfx
IronCore,m3,2026-06-10,2026-09-10,mast-wch,mast-wch,Individual,Individual,individual,2,0.03,,,,2,2026-07-24,2026-09-03,lfx
IronCore,m3,2026-06-10,2026-09-10,yahor-kurachkin,,SAP,SAP,email-domain-name,2,0.03,,sap.com,,1,2026-08-04,2026-08-04,lfx
IronCore,m3,2026-06-10,2026-09-10,phil-s-taylor,phil-s-taylor,Individual,Individual,individual,2,0.03,,,,0,,,lfx
IronCore,m3,2026-06-10,2026-09-10,Tao Li,,Individual,Individual,individual,2,0.03,,,,14,2026-06-26,2026-09-04,lfx
IronCore,m3,2026-06-10,2026-09-10,Jonas Schäfer,horazont,Sotecware,Sotecware,commit-search,1,0.01,,sotecware.net,CloudAndHeat,0,,,lfx
IronCore,m3,2026-06-10,2026-09-10,oberlademeister,oberlademeister,Fuessler,Fuessler,commit-search,1,0.01,,fuessler.eu,,2,2026-07-24,2026-09-03,lfx
IronCore,m3,2026-06-10,2026-09-10,sandzwerg,sandzwerg,SAP,SAP,commit-search,1,0.01,,sap.com,,0,,,lfx
IronCore,m3,2026-06-10,2026-09-10,Markus Hentsch,,Cloudandheat,Cloudandheat,same-person,1,0.01,,cloudandheat.com,,2,2026-08-26,2026-09-08,lfx
IronCore,m3,2026-06-10,2026-09-10,Giluerre,Giluerre,Outlook,Outlook,commit-search,1,0.01,,outlook.sk,,2,2026-07-24,2026-09-03,lfx
IronCore,m3,2026-06-10,2026-09-10,Kajol Asabe,,T-Systems,Deutsche Telekom,email-domain-name,1,0.01,,t-systems.com,,1,2026-06-25,2026-06-25,lfx
IronCore,m3,2026-06-10,2026-09-10,Yuanxun Gu,,Individual,Individual,individual,1,0.01,,,,2,2026-07-24,2026-09-03,lfx
IronCore,m3,2026-06-10,2026-09-10,Kajol Asabe,,T-Systems,Deutsche Telekom,email-domain-name,1,0.01,,t-systems.com,,1,2026-06-25,2026-06-25,lfx
IronCore,m3,2026-06-10,2026-09-10,Elie,,Individual,Individual,individual,1,0.01,,,,1,2026-07-02,2026-07-02,lfx
IronCore,m3,2026-06-10,2026-09-10,i521907,,Individual,Individual,individual,1,0.01,,,,2,2026-07-24,2026-09-03,lfx
IronCore,m3,2026-06-10,2026-09-10,Samira Briongos,,Individual,Individual,individual,1,0.01,,,,2,2026-07-10,2026-08-27,lfx
IronCore,m3,2026-06-10,2026-09-10,valeryia-hurynovich,valeryia-hurynovich,SAP,SAP,email-domain,1,0.01,,sap.com,,0,,,lfx
IronCore,m3,2026-06-10,2026-09-10,Евгени Димитров,,Tu Dresden,Tu Dresden,same-person,1,0.01,,tu-dresden.de,,2,2026-07-24,2026-09-03,lfx
IronCore,m3,2026-06-10,2026-09-10,Evgeni Dimitrov,,Individual,Individual,individual,1,0.01,,,,2,2026-07-24,2026-09-03,lfx
IronCore,m3,2026-06-10,2026-09-10,Pooja-Sangle,,SAP,SAP,same-person,1,0.01,,sap.com,,1,2026-09-04,2026-09-04,lfx
IronCore,m3,2026-06-10,2026-09-10,Pooja Sangle,,SAP,SAP,same-person,1,0.01,,sap.com,,1,2026-09-04,2026-09-04,lfx
IronCore,m3,2026-06-10,2026-09-10,brsmnv,brsmnv,Individual,Individual,individual,1,0.01,,proton.me,,0,,,lfx
Open Component Model,m3,2026-06-10,2026-09-10,Frederic Wilhelm,frewilhelm,SAP,SAP,email-domain,1516,25.26,,sap.com,SAP SE,68,2026-06-10,2026-09-09,lfx
Open Component Model,m3,2026-06-10,2026-09-10,matthiasbruns,matthiasbruns,Matthiasbruns,Individual,personal-domain,1057,17.61,,matthiasbruns.com,Matthias Bruns,47,2026-06-11,2026-09-03,lfx
Open Component Model,m3,2026-06-10,2026-09-10,Gerald Morrison,morri-son,SAP,SAP,github-company,626,10.43,,users.noreply.github.com,SAP,25,2026-06-10,2026-08-20,lfx
Open Component Model,m3,2026-06-10,2026-09-10,jneisener,jneisener,Neisener,Individual,personal-domain,591,9.85,,neisener.de,SAP,39,2026-06-12,2026-09-09,lfx
Open Component Model,m3,2026-06-10,2026-09-10,Jakob Möller,jakobmoellerdev,SAP,SAP,email-domain,487,8.12,,sap.com,SAP SE,20,2026-06-10,2026-09-07,lfx
Open Component Model,m3,2026-06-10,2026-09-10,Gergely,Skarlso,SAP,SAP,email-domain,461,7.68,,sap.com,Kubermatic,29,2026-06-16,2026-09-09,lfx
Open Component Model,m3,2026-06-10,2026-09-10,Piotr Janik,piotrjanik,SAP,SAP,email-domain,222,3.7,,sap.com,,19,2026-06-12,2026-09-03,lfx
Open Component Model,m3,2026-06-10,2026-09-10,Frederic Wilhelm,,SAP,SAP,email-domain-name,142,2.37,,sap.com,,68,2026-06-10,2026-09-09,lfx
Open Component Model,m3,2026-06-10,2026-09-10,Fabian Burth,fabianburth,SAP,SAP,email-domain,132,2.2,,sap.com,SAP,8,2026-06-10,2026-08-25,lfx
Open Component Model,m3,2026-06-10,2026-09-10,Johannes Neisener,,Neisener,Individual,personal-domain,85,1.42,,neisener.de,,39,2026-06-12,2026-09-09,lfx
Open Component Model,m3,2026-06-10,2026-09-10,Jonas Brand,8R0WNI3,SAP,SAP,email-domain,72,1.2,maintainer,sap.com,SAP,45,2026-06-11,2026-09-04,lfx
Open Component Model,m3,2026-06-10,2026-09-10,Matthias Bruns,,Matthiasbruns,Individual,personal-domain,50,0.83,,matthiasbruns.com,,47,2026-06-11,2026-09-03,lfx
Open Component Model,m3,2026-06-10,2026-09-10,Andreas Thaler,a-thaler,SAP,SAP,email-domain,48,0.8,,sap.com,SAP,4,2026-07-07,2026-07-29,lfx
Open Component Model,m3,2026-06-10,2026-09-10,Jonas Brand,,SAP,SAP,same-person,46,0.77,,sap.com,,45,2026-06-11,2026-09-04,lfx
Open Component Model,m3,2026-06-10,2026-09-10,Gergely Brautigam,,SAP,SAP,email-domain-name,44,0.73,,sap.com,,29,2026-06-16,2026-09-09,lfx
Open Component Model,m3,2026-06-10,2026-09-10,Jonas Brand (8R0WNI3),,SAP,SAP,email-domain-name,44,0.73,,sap.com,,0,,,lfx
Open Component Model,m3,2026-06-10,2026-09-10,Gerald Morrison,morrison-sap,SAP,SAP,email-domain,43,0.72,,sap.com,sap,25,2026-06-10,2026-08-20,lfx
Open Component Model,m3,2026-06-10,2026-09-10,Piotr Janik,,SAP,SAP,email-domain-name,39,0.65,,sap.com,,19,2026-06-12,2026-09-03,lfx
Open Component Model,m3,2026-06-10,2026-09-10,Philipp Heil,zkdev,Zeekay,Zeekay,email-domain,36,0.6,,zeekay.dev,SAP @Gardener,10,2026-06-11,2026-07-16,lfx
Open Component Model,m3,2026-06-10,2026-09-10,Chris Schneider,ChrisSchneider,Chris Bk,Chris Bk,commit-search,35,0.58,,chris-bk.de,SAP,23,2026-07-29,2026-08-31,lfx
Open Component Model,m3,2026-06-10,2026-09-10,Gerald Morrison,,SAP,SAP,same-person,35,0.58,,users.noreply.github.com,,25,2026-06-10,2026-08-20,lfx
Open Component Model,m3,2026-06-10,2026-09-10,Chris Schneider,,Chris Bk,Chris Bk,same-person,25,0.42,,chris-bk.de,,23,2026-07-29,2026-08-31,lfx
Open Component Model,m3,2026-06-10,2026-09-10,Chris Schneider,,Chris Bk,Chris Bk,same-person,22,0.37,,chris-bk.de,,23,2026-07-29,2026-08-31,lfx
Open Component Model,m3,2026-06-10,2026-09-10,Alexander Bassmanow,,Individual,Individual,individual,20,0.33,,,,0,,,lfx
Open Component Model,m3,2026-06-10,2026-09-10,Steffen,sk31337,SAP,SAP,commit-search,18,0.3,,sap.com,SAP,3,2026-06-26,2026-07-30,lfx
Open Component Model,m3,2026-06-10,2026-09-10,Nelo-T. Wallus,ntnn,SAP,SAP,email-domain,16,0.27,,sap.com,SAP SE,3,2026-08-18,2026-08-19,lfx
Open Component Model,m3,2026-06-10,2026-09-10,alexbass01,alexbass01,SAP,SAP,email-domain,16,0.27,,sap.com,,10,2026-08-13,2026-09-07,lfx
Open Component Model,m3,2026-06-10,2026-09-10,Angel Kafazov,akafazov,CST,CST,email-domain,13,0.22,,cst-bg.net,,2,2026-08-27,2026-08-31,lfx
Open Component Model,m3,2026-06-10,2026-09-10,JanAms130,,Individual,Individual,individual,10,0.17,,,,5,2026-06-16,2026-08-05,lfx
Open Component Model,m3,2026-06-10,2026-09-10,JanAms130,JanAms130,Individual,Individual,individual,8,0.13,,web.de,,5,2026-06-16,2026-08-05,lfx
Open Component Model,m3,2026-06-10,2026-09-10,bedirhan-yilmaz,bedirhan-yilmaz,SAP,SAP,email-domain,7,0.12,,sap.com,SAP,1,2026-08-10,2026-08-10,lfx
Open Component Model,m3,2026-06-10,2026-09-10,sk31337,,Individual,Individual,individual,6,0.1,,,,0,,,lfx
Open Component Model,m3,2026-06-10,2026-09-10,Aleksa Sarai,cyphar,Cyphar,Cyphar,commit-search,3,0.05,,cyphar.com,amutable-systems,0,,,lfx
Open Component Model,m3,2026-06-10,2026-09-10,Steffen,,SAP,SAP,same-person,3,0.05,,sap.com,,3,2026-06-26,2026-07-30,lfx
Open Component Model,m3,2026-06-10,2026-09-10,Frederic Wilhelm,,SAP,SAP,email-domain-name,3,0.05,,sap.com,,68,2026-06-10,2026-09-09,lfx
Open Component Model,m3,2026-06-10,2026-09-10,Nik Voss,trevex,Individual,Individual,individual,2,0.03,,,,0,,,lfx
Open Component Model,m3,2026-06-10,2026-09-10,Christian Hüning,christianhuening,Opendefense,Opendefense,commit-search,2,0.03,,opendefense.cloud,,1,2026-07-21,2026-07-21,lfx
Open Component Model,m3,2026-06-10,2026-09-10,MoD Stellmacher,Perseus985,Stellmacher,Individual,personal-domain,2,0.03,,stellmacher.xyz,,0,,,lfx
Open Component Model,m3,2026-06-10,2026-09-10,ben-yil,,Individual,Individual,individual,2,0.03,,,,0,,,lfx
Open Component Model,m3,2026-06-10,2026-09-10,Patryk Dobrowolski,,SAP,SAP,email-domain-name,2,0.03,,sap.com,,1,2026-07-21,2026-07-21,lfx
Open Component Model,m3,2026-06-10,2026-09-10,Moritz Marby,n3rdc4ptn,SAP,SAP,email-domain,1,0.02,,sap.com,sap,0,,,lfx
Open Component Model,m3,2026-06-10,2026-09-10,Wojciech Sołtys,Sawthis,SAP,SAP,commit-search,1,0.02,,sap.com,SAP,1,2026-07-30,2026-07-30,lfx
Open Component Model,m3,2026-06-10,2026-09-10,Wojciech Sołtys,,SAP,SAP,same-person,1,0.02,,sap.com,,1,2026-07-30,2026-07-30,lfx
Open Component Model,m3,2026-06-10,2026-09-10,Christian Hüning,,Opendefense,Opendefense,same-person,1,0.02,,opendefense.cloud,,1,2026-07-21,2026-07-21,lfx
Open Component Model,m3,2026-06-10,2026-09-10,Jonas Brand (8R0WNI3),,SAP,SAP,email-domain-name,1,0.02,,sap.com,,0,,,lfx
Open Component Model,m3,2026-06-10,2026-09-10,Christian Hüning,,Opendefense,Opendefense,same-person,1,0.02,,opendefense.cloud,,1,2026-07-21,2026-07-21,lfx
Open Component Model,m3,2026-06-10,2026-09-10,Wojciech Sołtys,,SAP,SAP,same-person,1,0.02,,sap.com,,1,2026-07-30,2026-07-30,lfx
Open Component Model,m3,2026-06-10,2026-09-10,Michael5601,Michael5601,SAP,SAP,commit-search,1,0.02,,sap.com,,0,,,lfx
Open Component Model,m3,2026-06-10,2026-09-10,knp-sap,,Individual,Individual,individual,1,0.02,,,,1,2026-06-15,2026-06-15,lfx
Open Component Model,m3,2026-06-10,2026-09-10,Kostadin Plachkov,,Individual,Individual,individual,1,0.02,,,,0,,,lfx
Greenhouse,m3,2026-06-10,2026-09-10,Jonathan Schwarze,jolusch,SAP,SAP,email-domain-name,406,10.82,,sap.com,,46,2026-06-10,2026-08-26,lfx
Greenhouse,m3,2026-06-10,2026-09-10,Franz Heidl,franzheidl,Franzheidl,Individual,personal-domain,303,8.08,maintainer,franzheidl.de,,42,2026-06-18,2026-09-02,lfx
Greenhouse,m3,2026-06-10,2026-09-10,Timo Johner,timojohlo,SAP,SAP,commit-search,291,7.76,,sap.com,,30,2026-06-10,2026-09-08,lfx
Greenhouse,m3,2026-06-10,2026-09-10,Abhijith Ravindra,abhijith-darshan,SAP,SAP,commit-search,229,6.1,,sap.com,SAP,18,2026-06-10,2026-09-09,lfx
Greenhouse,m3,2026-06-10,2026-09-10,k-fabryczny,k-fabryczny,SAP,SAP,email-domain,206,5.49,,sap.com,,3,2026-06-26,2026-08-12,lfx
Greenhouse,m3,2026-06-10,2026-09-10,Simon Olander,olandr,SAP,SAP,email-domain,187,4.98,,sap.com,SAP-cloud-infrastructure,15,2026-08-11,2026-08-31,lfx
Greenhouse,m3,2026-06-10,2026-09-10,ztomaszewska,ztomaszewska,SAP,SAP,email-domain,153,4.08,,sap.com,,20,2026-06-16,2026-09-09,lfx
Greenhouse,m3,2026-06-10,2026-09-10,Thomas Rouaux,trouaux,SAP,SAP,commit-search,101,2.69,,sap.com,,10,2026-06-15,2026-08-21,lfx
Greenhouse,m3,2026-06-10,2026-09-10,edda,edda,SAP,SAP,email-domain,88,2.35,maintainer,sap.com,,6,2026-06-16,2026-07-01,lfx
Greenhouse,m3,2026-06-10,2026-09-10,Olaf Heydorn,Kuckkuck,SAP,SAP,email-domain,84,2.24,,sap.com,SAP SE,10,2026-06-19,2026-08-24,lfx
Greenhouse,m3,2026-06-10,2026-09-10,Piotr Skamruk,jellonek,Mirantis,Mirantis,commit-search,81,2.16,,mirantis.com,,7,2026-06-11,2026-08-26,lfx
Greenhouse,m3,2026-06-10,2026-09-10,Krzysztof Zagorski,Zaggy21,Individual,Individual,individual,81,2.16,,gmail.com,,9,2026-06-10,2026-08-10,lfx
Greenhouse,m3,2026-06-10,2026-09-10,Hoda,hodanoori,SAP,SAP,email-domain,76,2.03,maintainer,sap.com,,4,2026-06-12,2026-09-01,lfx
Greenhouse,m3,2026-06-10,2026-09-10,Franz Heidl,,Franzheidl,Individual,personal-domain,75,2,,franzheidl.de,,42,2026-06-18,2026-09-02,lfx
Greenhouse,m3,2026-06-10,2026-09-10,MartinS-git,MartinS-git,Eyepic,Eyepic,email-domain,71,1.89,,eyepic.de,,4,2026-06-16,2026-06-29,lfx
Greenhouse,m3,2026-06-10,2026-09-10,KirylSAP,KirylSAP,SAP,Individual,personal-domain,68,1.81,,sap.com,,3,2026-09-04,2026-09-04,lfx
Greenhouse,m3,2026-06-10,2026-09-10,Tilman,TilmanHaupt,SAP,SAP,email-domain,68,1.81,,sap.com,SAP SE,0,,,lfx
Greenhouse,m3,2026-06-10,2026-09-10,Mikolaj Kucinski,mikolajkucinski,Individual,Individual,individual,66,1.76,,gmail.com,,12,2026-06-17,2026-09-09,lfx
Greenhouse,m3,2026-06-10,2026-09-10,vlad-schur-external-sap,vlad-schur-external-sap,SAP,Individual,personal-domain,65,1.73,,sap.com,,4,2026-06-10,2026-08-07,lfx
Greenhouse,m3,2026-06-10,2026-09-10,ArtieReus,ArtieReus,SAP,SAP,email-domain,60,1.6,,sap.com,,0,,,lfx
Greenhouse,m3,2026-06-10,2026-09-10,Onur Yılmaz,onuryilmaz,SAP,SAP,email-domain,60,1.6,,sap.com,,8,2026-06-23,2026-08-24,lfx
Greenhouse,m3,2026-06-10,2026-09-10,Guoda Puidokaite,guoda-puidokaite,Individual,Individual,individual,59,1.57,,users.noreply.github.com,,5,2026-06-15,2026-08-20,lfx
Greenhouse,m3,2026-06-10,2026-09-10,Melvin Simmert,melvinsimmert,NTT DATA,NTT DATA,github-company,53,1.41,,users.noreply.github.com,NTT DATA,5,2026-07-28,2026-09-08,lfx
Greenhouse,m3,2026-06-10,2026-09-10,Ivo Gosemann,ivogoman,SAP,SAP,commit-search,50,1.33,maintainer,sap.com,SAP SE,0,,,lfx
Greenhouse,m3,2026-06-10,2026-09-10,Taimoor Aslam,taymoor89,SAP,SAP,email-domain,48,1.28,,sap.com,SAP,1,2026-07-20,2026-07-20,lfx
Greenhouse,m3,2026-06-10,2026-09-10,Akshay Iyyadurai,ibakshay,SAP,SAP,email-domain,47,1.25,,sap.com,,4,2026-06-10,2026-08-05,lfx
Greenhouse,m3,2026-06-10,2026-09-10,Ganesh Kugulakrishnan,RockSolidScripts,SAP,SAP,commit-search,46,1.23,maintainer,sap.com,,6,2026-06-19,2026-08-12,lfx
Greenhouse,m3,2026-06-10,2026-09-10,Timo,,Individual,Individual,individual,41,1.09,,,,30,2026-06-10,2026-09-08,lfx
Greenhouse,m3,2026-06-10,2026-09-10,Zuzanna Tomaszewska,,Individual,Individual,individual,40,1.07,,,,0,,,lfx
Greenhouse,m3,2026-06-10,2026-09-10,Abhijith Ravindra,,SAP,SAP,same-person,33,0.88,,sap.com,,18,2026-06-10,2026-09-09,lfx
Greenhouse,m3,2026-06-10,2026-09-10,thecodingshrimp,thecodingshrimp,Tu Berlin,Tu Berlin,commit-search,31,0.83,,campus.tu-berlin.de,Deloitte,4,2026-07-20,2026-08-25,lfx
Greenhouse,m3,2026-06-10,2026-09-10,Mikolaj Kucinski,,Individual,Individual,individual,23,0.61,,,,12,2026-06-17,2026-09-09,lfx
Greenhouse,m3,2026-06-10,2026-09-10,Uwe Mayer,uwe-mayer,SAP,SAP,commit-search,20,0.53,maintainer,sap.com,,1,2026-06-23,2026-06-23,lfx
Greenhouse,m3,2026-06-10,2026-09-10,aliyilmaz-deloitte,aliyilmaz-deloitte,Deloitte,Individual,personal-domain,18,0.48,,deloitte.de,Deloitte Consulting,3,2026-08-12,2026-08-20,lfx
Greenhouse,m3,2026-06-10,2026-09-10,Hans-Georg Winkler,hgw77,SAP,SAP,email-domain,17,0.45,,sap.com,,0,,,lfx
Greenhouse,m3,2026-06-10,2026-09-10,Abhijith Ravindra,,SAP,SAP,same-person,17,0.45,,sap.com,,18,2026-06-10,2026-09-09,lfx
Greenhouse,m3,2026-06-10,2026-09-10,trouaux,,Individual,Individual,individual,16,0.43,,,,0,,,lfx
Greenhouse,m3,2026-06-10,2026-09-10,mark-karnaukh-extern-sap,mark-karnaukh-extern-sap,SAP,Individual,personal-domain,15,0.4,,sap.com,,0,,,lfx
Greenhouse,m3,2026-06-10,2026-09-10,vlad-schur-external-sap,,SAP,Individual,personal-domain,15,0.4,,sap.com,,4,2026-06-10,2026-08-07,lfx
Greenhouse,m3,2026-06-10,2026-09-10,mik-tsi,mik-tsi,SAP,SAP,email-domain,14,0.37,,sap.com,,2,2026-07-06,2026-07-13,lfx
Greenhouse,m3,2026-06-10,2026-09-10,Andreas Pfau,andypf,SAP,SAP,email-domain,12,0.32,maintainer,sap.com,,0,,,lfx
Greenhouse,m3,2026-06-10,2026-09-10,wiltongarcia,wiltongarcia,SAP,SAP,commit-search,11,0.29,,sap.com,,1,2026-08-25,2026-08-25,lfx
Greenhouse,m3,2026-06-10,2026-09-10,Tommy Sauer,viennaa,SAP,SAP,email-domain,11,0.29,,sap.com,SAP,0,,,lfx
Greenhouse,m3,2026-06-10,2026-09-10,Thomas Rouaux,,SAP,SAP,same-person,11,0.29,,sap.com,,10,2026-06-15,2026-08-21,lfx
Greenhouse,m3,2026-06-10,2026-09-10,vivekthacker007,vivekthacker007,Individual,Individual,individual,10,0.27,,users.noreply.github.com,,2,2026-08-14,2026-09-09,lfx
Greenhouse,m3,2026-06-10,2026-09-10,Ganesh Kugulakrishnan,,SAP,SAP,same-person,10,0.27,,sap.com,,6,2026-06-19,2026-08-12,lfx
Greenhouse,m3,2026-06-10,2026-09-10,Esther Schmitz,,Individual,Individual,individual,10,0.27,,,,6,2026-06-16,2026-07-01,lfx
Greenhouse,m3,2026-06-10,2026-09-10,jeoffzheng,jeoffzheng,SAP,SAP,commit-search,9,0.24,,sap.com,,0,,,lfx
Greenhouse,m3,2026-06-10,2026-09-10,Melvin Simmert,,NTT DATA,NTT DATA,same-person,8,0.21,,users.noreply.github.com,,5,2026-07-28,2026-09-08,lfx
Greenhouse,m3,2026-06-10,2026-09-10,q8isar-khan,q8isar-khan,SAP,SAP,email-domain,8,0.21,,sap.com,,2,2026-08-12,2026-08-13,lfx
Greenhouse,m3,2026-06-10,2026-09-10,Martin Schulze,,Eyepic,Eyepic,email-domain-name,8,0.21,,eyepic.de,,4,2026-06-16,2026-06-29,lfx
Greenhouse,m3,2026-06-10,2026-09-10,Esther Schmitz,,Individual,Individual,individual,8,0.21,,,,6,2026-06-16,2026-07-01,lfx
Greenhouse,m3,2026-06-10,2026-09-10,Hoda,,SAP,SAP,same-person,8,0.21,,sap.com,,4,2026-06-12,2026-09-01,lfx
Greenhouse,m3,2026-06-10,2026-09-10,Franz Heidl,,Franzheidl,Individual,personal-domain,8,0.21,,franzheidl.de,,42,2026-06-18,2026-09-02,lfx
Greenhouse,m3,2026-06-10,2026-09-10,KirylSAP,,SAP,Individual,personal-domain,8,0.21,,sap.com,,3,2026-09-04,2026-09-04,lfx
Greenhouse,m3,2026-06-10,2026-09-10,Dmitri Fedotov,defo89,SAP,SAP,email-domain,7,0.19,,sap.com,,1,2026-08-10,2026-08-10,lfx
Greenhouse,m3,2026-06-10,2026-09-10,mohammad.sahihi.benis,msahihi,SAP,SAP,github-company,7,0.19,,gmail.com,SAP,1,2026-09-08,2026-09-08,lfx
Greenhouse,m3,2026-06-10,2026-09-10,Carlos Armero,carmeroa,Deloitte,Deloitte,github-company,7,0.19,,users.noreply.github.com,Deloitte,1,2026-07-08,2026-07-08,lfx
Greenhouse,m3,2026-06-10,2026-09-10,Klaudiusz Fabryczny,,Individual,Individual,individual,6,0.16,,,,0,,,lfx
Greenhouse,m3,2026-06-10,2026-09-10,jagoleni,jagoleni,SAP,SAP,commit-search,6,0.16,,sap.com,,2,2026-08-17,2026-08-18,lfx
Greenhouse,m3,2026-06-10,2026-09-10,Hoda Noori,,Individual,Individual,individual,6,0.16,,,,0,,,lfx
Greenhouse,m3,2026-06-10,2026-09-10,Alican Yilmaz,,Deloitte,Deloitte,email-domain-name,6,0.16,,deloitte.de,,3,2026-08-12,2026-08-20,lfx
Greenhouse,m3,2026-06-10,2026-09-10,Alican Yilmaz,,Deloitte,Deloitte,email-domain-name,5,0.13,,deloitte.de,,3,2026-08-12,2026-08-20,lfx
Greenhouse,m3,2026-06-10,2026-09-10,Guoda,,Individual,Individual,individual,5,0.13,,,,5,2026-06-15,2026-08-20,lfx
Greenhouse,m3,2026-06-10,2026-09-10,I531348,,Individual,Individual,individual,5,0.13,,,,0,,,lfx
Greenhouse,m3,2026-06-10,2026-09-10,Frazia04,Frazia04,SAP,SAP,commit-search,5,0.13,,sap.com,,1,2026-08-11,2026-08-11,lfx
Greenhouse,m3,2026-06-10,2026-09-10,Alican44,Alican44,Individual,Individual,individual,4,0.11,,,,0,,,lfx
Greenhouse,m3,2026-06-10,2026-09-10,thecodingshrimp,,Tu Berlin,Tu Berlin,same-person,4,0.11,,campus.tu-berlin.de,,0,,,lfx
Greenhouse,m3,2026-06-10,2026-09-10,Qaisar Khan,,SAP,SAP,email-domain-name,4,0.11,,sap.com,,2,2026-08-12,2026-08-13,lfx
Greenhouse,m3,2026-06-10,2026-09-10,NelTdS,NelTdS,Neltds,Individual,personal-domain,4,0.11,,neltds.de,Deloitte,1,2026-07-29,2026-07-29,lfx
Greenhouse,m3,2026-06-10,2026-09-10,Arturo Reuschenbach,,Individual,Individual,individual,4,0.11,,,,0,,,lfx
Greenhouse,m3,2026-06-10,2026-09-10,Richard Tief,richardtief,SAP,SAP,commit-search,4,0.11,,sap.com,,0,,,lfx
Greenhouse,m3,2026-06-10,2026-09-10,Tilman,,SAP,SAP,same-person,4,0.11,,sap.com,,0,,,lfx
Greenhouse,m3,2026-06-10,2026-09-10,Taimoor Aslam,,SAP,SAP,email-domain-name,4,0.11,,sap.com,,1,2026-07-20,2026-07-20,lfx
Greenhouse,m3,2026-06-10,2026-09-10,TilmanHaupt,,SAP,SAP,email-domain-name,4,0.11,,sap.com,,0,,,lfx
Greenhouse,m3,2026-06-10,2026-09-10,pavankumarmerugu,pavankumarmerugu,Individual,Individual,individual,4,0.11,,,,0,,,lfx
Greenhouse,m3,2026-06-10,2026-09-10,merugupavankumar,merugupavankumar,SAP,SAP,commit-search,4,0.11,,sap.com,,0,,,lfx
Greenhouse,m3,2026-06-10,2026-09-10,mtsimafeyeu,,Individual,Individual,individual,4,0.11,,,,0,,,lfx
Greenhouse,m3,2026-06-10,2026-09-10,adziauho,adziauho,SAP,SAP,email-domain,4,0.11,,sap.com,,1,2026-08-21,2026-08-21,lfx
Greenhouse,m3,2026-06-10,2026-09-10,henrichter-sap,henrichter-sap,SAP,Individual,personal-domain,3,0.08,,sap.com,,1,2026-09-07,2026-09-07,lfx
Greenhouse,m3,2026-06-10,2026-09-10,Ganesh Kugulakrishnan,,SAP,SAP,same-person,3,0.08,,sap.com,,6,2026-06-19,2026-08-12,lfx
Greenhouse,m3,2026-06-10,2026-09-10,goasl,goasl,SAP,SAP,commit-search,3,0.08,,sap.com,,0,,,lfx
Greenhouse,m3,2026-06-10,2026-09-10,notque,notque,Individual,Individual,individual,3,0.08,,,,0,,,lfx
Greenhouse,m3,2026-06-10,2026-09-10,EdrilanBerisha,EdrilanBerisha,SAP,SAP,commit-search,3,0.08,,sap.com,SAP,1,2026-06-12,2026-06-12,lfx
Greenhouse,m3,2026-06-10,2026-09-10,crenduchinta88,crenduchinta88,SAP,SAP,commit-search,3,0.08,maintainer,sap.com,,0,,,lfx
Greenhouse,m3,2026-06-10,2026-09-10,mark-karnaukh-extern-sap,,SAP,Individual,personal-domain,3,0.08,,sap.com,,0,,,lfx
Greenhouse,m3,2026-06-10,2026-09-10,Olaf Heydorn,,SAP,SAP,email-domain-name,3,0.08,,sap.com,,10,2026-06-19,2026-08-24,lfx
Greenhouse,m3,2026-06-10,2026-09-10,Dmitri Fedotov,,SAP,SAP,email-domain-name,2,0.05,,sap.com,,1,2026-08-10,2026-08-10,lfx
Greenhouse,m3,2026-06-10,2026-09-10,martawright,martawright,Individual,Individual,individual,2,0.05,,,,0,,,lfx
Greenhouse,m3,2026-06-10,2026-09-10,c5415956,,Individual,Individual,individual,2,0.05,,,,0,,,lfx
Greenhouse,m3,2026-06-10,2026-09-10,henrichter-sap,,SAP,Individual,personal-domain,2,0.05,,sap.com,,1,2026-09-07,2026-09-07,lfx
Greenhouse,m3,2026-06-10,2026-09-10,Frazia04,,SAP,SAP,same-person,2,0.05,,sap.com,,1,2026-08-11,2026-08-11,lfx
Greenhouse,m3,2026-06-10,2026-09-10,I588032,,Individual,Individual,individual,2,0.05,,,,0,,,lfx
Greenhouse,m3,2026-06-10,2026-09-10,Qaisar Khan,,SAP,SAP,email-domain-name,2,0.05,,sap.com,,2,2026-08-12,2026-08-13,lfx
Greenhouse,m3,2026-06-10,2026-09-10,Melvin Simmert,,NTT DATA,NTT DATA,same-person,2,0.05,,users.noreply.github.com,,5,2026-07-28,2026-09-08,lfx
Greenhouse,m3,2026-06-10,2026-09-10,Edrilan Berisha,,SAP,SAP,same-person,2,0.05,,sap.com,,1,2026-06-12,2026-06-12,lfx
Greenhouse,m3,2026-06-10,2026-09-10,Jan-Eike Golenia,,Individual,Individual,individual,2,0.05,,,,2,2026-08-17,2026-08-18,lfx
Greenhouse,m3,2026-06-10,2026-09-10,Jan-Eike Golenia,,Individual,Individual,individual,2,0.05,,,,2,2026-08-17,2026-08-18,lfx
Greenhouse,m3,2026-06-10,2026-09-10,Onur Yilmaz,,Individual,Individual,individual,2,0.05,,,,0,,,lfx
Greenhouse,m3,2026-06-10,2026-09-10,ashifnihalb,ashifnihalb,SAP,SAP,commit-search,2,0.05,,sap.com,,0,,,lfx
Greenhouse,m3,2026-06-10,2026-09-10,Franz Heidl,,Franzheidl,Individual,personal-domain,2,0.05,,franzheidl.de,,42,2026-06-18,2026-09-02,lfx
Greenhouse,m3,2026-06-10,2026-09-10,Vivek Thacker,,Individual,Individual,individual,2,0.05,,,,0,,,lfx
Greenhouse,m3,2026-06-10,2026-09-10,vivekthacker007,,Individual,Individual,individual,2,0.05,,,,2,2026-08-14,2026-09-09,lfx
Greenhouse,m3,2026-06-10,2026-09-10,Vivek Thacker,,Individual,Individual,individual,2,0.05,,,,0,,,lfx
Greenhouse,m3,2026-06-10,2026-09-10,carmeroa,,Individual,Individual,individual,2,0.05,,,,0,,,lfx
Greenhouse,m3,2026-06-10,2026-09-10,Aliaksei Dziauho,,Individual,Individual,individual,2,0.05,,,,0,,,lfx
Greenhouse,m3,2026-06-10,2026-09-10,Timo Johlo,,Individual,Individual,individual,2,0.05,,,,0,,,lfx
Greenhouse,m3,2026-06-10,2026-09-10,Nelson Tavares de Sousa,,Neltds,Neltds,email-domain-name,1,0.03,,neltds.de,,1,2026-07-29,2026-07-29,lfx
Greenhouse,m3,2026-06-10,2026-09-10,Nelson Tavares de Sousa,,Neltds,Neltds,email-domain-name,1,0.03,,neltds.de,,1,2026-07-29,2026-07-29,lfx
Greenhouse,m3,2026-06-10,2026-09-10,timojohlo,,Individual,Individual,individual,1,0.03,,,,0,,,lfx
Greenhouse,m3,2026-06-10,2026-09-10,David Rochow,drochow,SAP,SAP,commit-search,1,0.03,,sap.com,,0,,,lfx
Greenhouse,m3,2026-06-10,2026-09-10,Uwe Mayer,,SAP,SAP,same-person,1,0.03,,sap.com,,1,2026-06-23,2026-06-23,lfx
Greenhouse,m3,2026-06-10,2026-09-10,I574614,,Individual,Individual,individual,1,0.03,,,,0,,,lfx
Greenhouse,m3,2026-06-10,2026-09-10,Wilton,,Individual,Individual,individual,1,0.03,,,,1,2026-08-25,2026-08-25,lfx
Greenhouse,m3,2026-06-10,2026-09-10,Wilton de Oliveira Garcia,,Individual,Individual,individual,1,0.03,,,,0,,,lfx
Greenhouse,m3,2026-06-10,2026-09-10,Mikolaj Kucinski,,Individual,Individual,individual,1,0.03,,,,12,2026-06-17,2026-09-09,lfx
Garden Linux,m3,2026-06-10,2026-09-10,Eike Waldt,yeoldegrove,B1 Systems,B1 Systems,email-domain,270,36.05,,b1-systems.de,b1-systems,270,2025-09-09,2026-09-09,git
Garden Linux,m3,2026-06-10,2026-09-10,Stefan Catargiu,5kt,Individual,Individual,individual,130,17.36,,users.noreply.github.com,,130,2026-06-10,2026-09-08,git
Garden Linux,m3,2026-06-10,2026-09-10,Tiara Lena Hock,ByteOtter,B1 Systems,B1 Systems,email-domain,70,9.35,,b1-systems.de,B1 Systems GmbH,70,2026-03-25,2026-09-07,git
Garden Linux,m3,2026-06-10,2026-09-10,Georgi Chulkov,Gchbg,SAP,SAP,email-domain,44,5.87,,sap.com,,44,2026-06-18,2026-09-09,git
Garden Linux,m3,2026-06-10,2026-09-10,Saubhik Datta,saubhikdattagithub,Individual,Individual,individual,34,4.54,,users.noreply.github.com,,34,2026-06-11,2026-09-08,git
Garden Linux,m3,2026-06-10,2026-09-10,Sascha Schmerling,sh4sm,SAP,SAP,email-domain,30,4.01,,sap.com,,30,2026-05-18,2026-09-08,git
Garden Linux,m3,2026-06-10,2026-09-10,Bernd Ritter,commel,B1 Systems,B1 Systems,email-domain,28,3.74,,b1-systems.de,b1-systems,28,2026-05-11,2026-08-31,git
Garden Linux,m3,2026-06-10,2026-09-10,Tobias Jungel,toanju,Individual,Individual,individual,23,3.07,,users.noreply.github.com,,23,2026-06-11,2026-08-21,git
Garden Linux,m3,2026-06-10,2026-09-10,nkraetzschmar,nkraetzschmar,SAP,SAP,github-company,22,2.94,,users.noreply.github.com,SAP,22,2026-06-10,2026-08-28,git
Garden Linux,m3,2026-06-10,2026-09-10,akendo,Akendo,Akendo,Individual,personal-domain,20,2.67,,akendo.eu,,20,2026-06-11,2026-09-09,git
Garden Linux,m3,2026-06-10,2026-09-10,SujanaSubr,SujanaSubr,SAP,SAP,email-domain,10,1.34,,sap.com,,10,2026-06-12,2026-08-17,git
Garden Linux,m3,2026-06-10,2026-09-10,Tobias Wolf,nottheevilone,B1 Systems,B1 Systems,email-domain-name,9,1.2,,b1-systems.de,,9,2026-07-01,2026-09-07,git
Garden Linux,m3,2026-06-10,2026-09-10,Darren Hague,dhague,SAP,SAP,email-domain,8,1.07,,sap.com,,8,2026-07-03,2026-08-11,git
Garden Linux,m3,2026-06-10,2026-09-10,Akendo,akendo,Akendo,Individual,personal-domain,7,0.93,,akendo.eu,,7,2026-06-18,2026-07-24,git
Garden Linux,m3,2026-06-10,2026-09-10,Fabian Koller,anokfireball,Kthxbye,Kthxbye,email-domain,6,0.8,,kthxbye.cyou,,6,2026-06-22,2026-07-16,git
Garden Linux,m3,2026-06-10,2026-09-10,Vivus Ignis,vivus-ignis,Individual,Individual,individual,6,0.8,,posteo.de,,6,2026-06-10,2026-08-25,git
Garden Linux,m3,2026-06-10,2026-09-10,Garden Linux Builder,gardenlinux,Individual,Individual,individual,6,0.8,,users.noreply.github.com,,6,2026-06-10,2026-07-25,git
Garden Linux,m3,2026-06-10,2026-09-10,Denis Brdjanin,brdanin,SAP,SAP,email-domain,5,0.67,,sap.com,,5,2026-06-12,2026-07-22,git
Garden Linux,m3,2026-06-10,2026-09-10,Tobias Wolf,NotTheEvilOne,B1 Systems,B1 Systems,email-domain,5,0.67,,b1-systems.de,,5,2026-06-17,2026-08-19,git
Garden Linux,m3,2026-06-10,2026-09-10,Moritz Kirchner,moritzkirchnersap,SAP,SAP,email-domain,5,0.67,,sap.com,,5,2026-07-21,2026-09-08,git
Garden Linux,m3,2026-06-10,2026-09-10,Thomas Mangold,tmang0ld,SAP,SAP,email-domain,3,0.4,,sap.com,SAP SE,3,2026-06-29,2026-08-06,git
Garden Linux,m3,2026-06-10,2026-09-10,Vincent Riesop,Vincinator,SAP,SAP,email-domain,3,0.4,,sap.com,gardener,3,2026-07-15,2026-08-17,git
Garden Linux,m3,2026-06-10,2026-09-10,Orlix,orlinvasilev,Orlix,Individual,personal-domain,1,0.13,,orlix.org,suse @rancherlabs,1,2026-06-18,2026-06-18,git
Garden Linux,m3,2026-06-10,2026-09-10,henrichter-sap,henrichter-sap,SAP,Individual,personal-domain,1,0.13,,sap.com,,1,2026-08-19,2026-08-19,git
Garden Linux,m3,2026-06-10,2026-09-10,Евгени Димитров,iddpd,SAP,SAP,commit-search,1,0.13,,sap.com,,1,2026-07-14,2026-07-14,git
Garden Linux,m3,2026-06-10,2026-09-10,Maximilian Moehl,maxmoehl,Moehl,Individual,personal-domain,1,0.13,,moehl.eu,SAP,1,2026-07-17,2026-07-17,git
Garden Linux,m3,2026-06-10,2026-09-10,sramapu,sramapu,Individual,Individual,individual,1,0.13,,users.noreply.github.com,,1,2026-09-08,2026-09-08,git
Platform Mesh,m3,2026-06-10,2026-09-10,Nelo-T. Wallus,ntnn,SAP,SAP,email-domain,2873,27.66,maintainer,sap.com,SAP SE,423,2026-03-13,2026-08-28,lfx
Platform Mesh,m3,2026-06-10,2026-09-10,Christoph Lameter,xrstf,Kubermatic,Kubermatic,email-domain,1207,11.62,,kubermatic.com,Kubermatic,157,2026-02-27,2026-08-28,lfx
Platform Mesh,m3,2026-06-10,2026-09-10,Angel Kafazov,akafazov,CST,CST,email-domain,914,8.8,,cst-bg.net,,243,2025-08-22,2026-09-08,lfx
Platform Mesh,m3,2026-06-10,2026-09-10,Mangirdas Judeikis,mjudeikis,Judeikis,Individual,personal-domain,778,7.49,maintainer,judeikis.lt,synpse-hq @kcp-dev @kube-bind @faroshq,96,2026-06-10,2026-09-08,lfx
Platform Mesh,m3,2026-06-10,2026-09-10,Marko Mudrinić,xmudrii,kubermatic,Kubermatic,github-company,464,4.47,,gmail.com,kubermatic,82,2026-05-20,2026-09-01,lfx
Platform Mesh,m3,2026-06-10,2026-09-10,platform-mesh-publisher,platform-mesh-publisher,Individual,Individual,individual,458,4.41,,,,72,2026-06-10,2026-06-19,lfx
Platform Mesh,m3,2026-06-10,2026-09-10,Oleg Ershov,OlegErshov,Individual,Individual,individual,321,3.09,,gmail.com,,78,2026-06-19,2026-09-03,lfx
Platform Mesh,m3,2026-06-10,2026-09-10,gkrajniak,gkrajniak,Individual,Individual,individual,308,2.97,,gmail.com,,35,2026-06-10,2026-09-08,lfx
Platform Mesh,m3,2026-06-10,2026-09-10,Mustafa Mustafa,Elbehery,SAP,SAP,email-domain,256,2.47,,sap.com,,28,2026-06-10,2026-08-21,lfx
Platform Mesh,m3,2026-06-10,2026-09-10,Aaron Schweig,aaronschweig,SAP,SAP,email-domain,198,1.91,maintainer,sap.com,SAP,16,2026-04-29,2026-09-04,lfx
Platform Mesh,m3,2026-06-10,2026-09-10,Aleh Yarshou,,Individual,Individual,individual,184,1.77,,,,0,,,lfx
Platform Mesh,m3,2026-06-10,2026-09-10,Platform Mesh Technical User,,Individual,Individual,individual,175,1.69,,,,175,2026-06-10,2026-09-08,lfx
Platform Mesh,m3,2026-06-10,2026-09-10,Robert Vasek,gman0,Cern,Cern,commit-search,148,1.43,,cern.ch,,23,2026-06-03,2026-08-31,lfx
Platform Mesh,m3,2026-06-10,2026-09-10,platform-mesh-approver,platform-mesh-approver,Individual,Individual,individual,143,1.38,,,,0,,,lfx
Platform Mesh,m3,2026-06-10,2026-09-10,Sobyt483,Sobyt483,Individual,Individual,individual,118,1.14,,mail.ru,,1,2026-08-14,2026-08-14,lfx
Platform Mesh,m3,2026-06-10,2026-09-10,Boris Marinov,,Individual,Individual,individual,108,1.04,,,,50,2026-07-02,2026-09-02,lfx
Platform Mesh,m3,2026-06-10,2026-09-10,MoD Stellmacher,Perseus985,Stellmacher,Individual,personal-domain,96,0.92,,stellmacher.xyz,,28,2026-07-13,2026-09-07,lfx
Platform Mesh,m3,2026-06-10,2026-09-10,brsmnv,brsmnv,Individual,Individual,individual,93,0.9,,proton.me,,50,2026-07-02,2026-09-02,lfx
Platform Mesh,m3,2026-06-10,2026-09-10,Bastian Echterhölter,nexus49,SAP,SAP,email-domain,91,0.88,maintainer,sap.com,,114,2025-08-15,2026-06-21,lfx
Platform Mesh,m3,2026-06-10,2026-09-10,Grzegorz Krajniak,,SAP,SAP,email-domain-name,82,0.79,,sap.com,,35,2026-06-10,2026-09-08,lfx
Platform Mesh,m3,2026-06-10,2026-09-10,Oleg Ershov,,Individual,Individual,individual,78,0.75,,,,111,2025-10-24,2026-09-03,lfx
Platform Mesh,m3,2026-06-10,2026-09-10,FWuermse,FWuermse,SAP,SAP,email-domain,70,0.67,,sap.com,SAP,23,2026-06-11,2026-08-26,lfx
Platform Mesh,m3,2026-06-10,2026-09-10,philtk79,philtk79,Individual,Individual,individual,66,0.64,,users.noreply.github.com,,10,2026-06-17,2026-09-07,lfx
Platform Mesh,m3,2026-06-10,2026-09-10,Mustafa Elbehery,,SAP,SAP,email-domain-name,65,0.63,,sap.com,,0,,,lfx
Platform Mesh,m3,2026-06-10,2026-09-10,MoD Stellmacher,,Individual,Individual,individual,64,0.62,,,,0,,,lfx
Platform Mesh,m3,2026-06-10,2026-09-10,Leidy Patricia Garzón Rodriguez,lpgarzonr,SAP,SAP,email-domain,63,0.61,,sap.com,SAP,10,2026-07-06,2026-08-31,lfx
Platform Mesh,m3,2026-06-10,2026-09-10,Cyrill Berg,BergCyrill,Opendefense,Opendefense,email-domain,60,0.58,,opendefense.cloud,,12,2026-07-22,2026-09-07,lfx
Platform Mesh,m3,2026-06-10,2026-09-10,iakmc,iakmc,Kubermatic,Kubermatic,email-domain,60,0.58,,kubermatic.com,,15,2026-06-09,2026-09-08,lfx
Platform Mesh,m3,2026-06-10,2026-09-10,Simon Bein,simontheleg,Individual,Individual,individual,54,0.52,,,,9,2026-07-21,2026-07-24,lfx
Platform Mesh,m3,2026-06-10,2026-09-10,meng,mengliwg,Individual,Individual,individual,53,0.51,,users.noreply.github.com,,7,2026-06-19,2026-09-01,lfx
Platform Mesh,m3,2026-06-10,2026-09-10,Peter Teich,pteich,SAP,SAP,email-domain,47,0.45,,sap.com,,9,2026-07-09,2026-08-26,lfx
Platform Mesh,m3,2026-06-10,2026-09-10,Florian Wuermseer,,SAP,SAP,email-domain-name,47,0.45,,sap.com,,23,2026-06-11,2026-08-26,lfx
Platform Mesh,m3,2026-06-10,2026-09-10,Theodor Ganescu,anastazya,ServerWorks,ServerWorks,github-company,43,0.41,,users.noreply.github.com,ServerWorks,14,2026-07-27,2026-09-08,lfx
Platform Mesh,m3,2026-06-10,2026-09-10,Karol Szwaj,cnvergence,Kubermatic,Kubermatic,github-company,42,0.4,,gmail.com,Kubermatic,12,2025-10-06,2026-09-09,lfx
Platform Mesh,m3,2026-06-10,2026-09-10,Simon Tesar,simt2,Simontesar,Individual,personal-domain,41,0.39,,simontesar.com,,4,2026-06-10,2026-06-26,lfx
Platform Mesh,m3,2026-06-10,2026-09-10,Roman,hellsontime,Individual,Individual,individual,34,0.33,,gmail.com,,18,2026-07-29,2026-09-03,lfx
Platform Mesh,m3,2026-06-10,2026-09-10,Raman Kanapeshka,,Individual,Individual,individual,33,0.32,,,,0,,,lfx
Platform Mesh,m3,2026-06-10,2026-09-10,Igor Fominykh,ifdotpy,SAP,SAP,email-domain,30,0.29,,sap.com,,9,2026-07-31,2026-08-26,lfx
Platform Mesh,m3,2026-06-10,2026-09-10,tobias-oetzel,tobias-oetzel,SAP,SAP,email-domain,29,0.28,,sap.com,,9,2026-07-29,2026-08-07,lfx
Platform Mesh,m3,2026-06-10,2026-09-10,ducke,,Team Orca,Team Orca,email-domain-name,29,0.28,,team-orca.dev,,14,2026-07-21,2026-07-22,lfx
Platform Mesh,m3,2026-06-10,2026-09-10,Leidy Patricia Garzon Rodriguez,,SAP,SAP,same-person,25,0.24,,sap.com,,5,2026-07-06,2026-07-28,lfx
Platform Mesh,m3,2026-06-10,2026-09-10,vzipf,vzipf,SAP,SAP,email-domain,21,0.2,,sap.com,,5,2026-06-23,2026-08-31,lfx
Platform Mesh,m3,2026-06-10,2026-09-10,Till,,Individual,Individual,individual,21,0.2,,,,10,2026-06-17,2026-09-07,lfx
Platform Mesh,m3,2026-06-10,2026-09-10,Theodor Ganescu,,ServerWorks,ServerWorks,same-person,18,0.17,,users.noreply.github.com,,14,2026-07-27,2026-09-08,lfx
Platform Mesh,m3,2026-06-10,2026-09-10,Cyrill Berg,,Opendefense,Opendefense,email-domain-name,18,0.17,,opendefense.cloud,,12,2026-07-22,2026-09-07,lfx
Platform Mesh,m3,2026-06-10,2026-09-10,Manuel Henke,ducke,Individual,Individual,individual,17,0.16,,gmail.com,,5,2026-07-22,2026-07-23,lfx
Platform Mesh,m3,2026-06-10,2026-09-10,Tobias Oetzel,,SAP,SAP,email-domain-name,16,0.15,,sap.com,,9,2026-07-29,2026-08-07,lfx
Platform Mesh,m3,2026-06-10,2026-09-10,j-holub,j-holub,Individual,Individual,individual,15,0.14,,gmx.net,,1,2026-08-13,2026-08-13,lfx
Platform Mesh,m3,2026-06-10,2026-09-10,Sobyt483,,Individual,Individual,individual,15,0.14,,,,1,2026-08-14,2026-08-14,lfx
Platform Mesh,m3,2026-06-10,2026-09-10,Kevin Stellmacher,,Stellmacher,Individual,personal-domain,15,0.14,,stellmacher.xyz,,36,2026-06-15,2026-09-07,lfx
Platform Mesh,m3,2026-06-10,2026-09-10,Nikita R.,nuromirg,SAP,SAP,email-domain,14,0.13,,sap.com,,3,2026-07-31,2026-08-13,lfx
Platform Mesh,m3,2026-06-10,2026-09-10,Igor Fominykh,,SAP,SAP,email-domain-name,14,0.13,,sap.com,,9,2026-07-31,2026-08-26,lfx
Platform Mesh,m3,2026-06-10,2026-09-10,mengliwg,,Individual,Individual,individual,14,0.13,,,,0,,,lfx
Platform Mesh,m3,2026-06-10,2026-09-10,Olalekan Odukoya,olamilekan000,Individual,Individual,individual,12,0.12,,gmail.com,,1,2026-08-28,2026-08-28,lfx
Platform Mesh,m3,2026-06-10,2026-09-10,Jonas Lingg,hyperlingg,SAP,SAP,email-domain-name,11,0.11,,sap.com,,1,2026-08-26,2026-08-26,lfx
Platform Mesh,m3,2026-06-10,2026-09-10,Florian Würmseer,,Individual,Individual,individual,11,0.11,,,,0,,,lfx
Platform Mesh,m3,2026-06-10,2026-09-10,Andrian Krautsou,,Individual,Individual,individual,11,0.11,,,,11,2026-06-30,2026-09-07,lfx
Platform Mesh,m3,2026-06-10,2026-09-10,Valentin Zipf,,SAP,SAP,email-domain-name,10,0.1,,sap.com,,5,2026-06-23,2026-08-31,lfx
Platform Mesh,m3,2026-06-10,2026-09-10,anastazya,,Individual,Individual,individual,10,0.1,,,,0,,,lfx
Platform Mesh,m3,2026-06-10,2026-09-10,Manuel Henke,,Individual,Individual,individual,10,0.1,,,,5,2026-07-22,2026-07-23,lfx
Platform Mesh,m3,2026-06-10,2026-09-10,Roman,,Individual,Individual,individual,7,0.07,,,,5,2026-08-06,2026-08-12,lfx
Platform Mesh,m3,2026-06-10,2026-09-10,vince spa,,Bwi,Bwi,same-person,6,0.06,,bwi.de,,0,,,lfx
Platform Mesh,m3,2026-06-10,2026-09-10,Vasu Chandrasekhara,vasu1124,Actvirtual,Actvirtual,email-domain,5,0.05,,actvirtual.com,SAP,0,,,lfx
Platform Mesh,m3,2026-06-10,2026-09-10,SimonBurmer,SimonBurmer,SAP,SAP,email-domain,5,0.05,,sap.com,SAP,0,,,lfx
Platform Mesh,m3,2026-06-10,2026-09-10,Jakob Möller,jakobmoellerdev,SAP,SAP,email-domain,5,0.05,,sap.com,SAP SE,1,2026-08-14,2026-08-14,lfx
Platform Mesh,m3,2026-06-10,2026-09-10,VinceSpa,the-vas,Bwi,Bwi,email-domain,5,0.05,,bwi.de,,3,2026-07-23,2026-07-23,lfx
Platform Mesh,m3,2026-06-10,2026-09-10,Jordan Ole Gligorov,,SAP,SAP,email-domain-name,4,0.04,,sap.com,,0,,,lfx
Platform Mesh,m3,2026-06-10,2026-09-10,Peter,,Individual,Individual,individual,4,0.04,,,,0,,,lfx
Platform Mesh,m3,2026-06-10,2026-09-10,tobias-oetzel,,SAP,SAP,email-domain-name,3,0.03,,sap.com,,9,2026-07-29,2026-08-07,lfx
Platform Mesh,m3,2026-06-10,2026-09-10,Tobias Gruetzmacher,TobiX,23,23,commit-search,2,0.02,,23.gs,,0,,,lfx
Platform Mesh,m3,2026-06-10,2026-09-10,Tino Butz,tjbutz,SAP,SAP,email-domain,2,0.02,maintainer,sap.com,,0,,,lfx
Platform Mesh,m3,2026-06-10,2026-09-10,cmdaltent,cmdaltent,Cmdaltent,Individual,personal-domain,2,0.02,,cmdaltent.net,,0,,,lfx
Platform Mesh,m3,2026-06-10,2026-09-10,ogligorov,ogligorov,SAP,SAP,email-domain,2,0.02,,sap.com,SAP,2,2026-07-28,2026-08-10,lfx
Platform Mesh,m3,2026-06-10,2026-09-10,Jonas Lingg,,SAP,SAP,email-domain-name,2,0.02,,sap.com,,1,2026-08-26,2026-08-26,lfx
Platform Mesh,m3,2026-06-10,2026-09-10,Valentin Zipf,,SAP,SAP,email-domain-name,1,0.01,,sap.com,,5,2026-06-23,2026-08-31,lfx
Platform Mesh,m3,2026-06-10,2026-09-10,Ian C.,icorbett,Fernworks,Fernworks,commit-search,1,0.01,,fernworks.net,,0,,,lfx
Platform Mesh,m3,2026-06-10,2026-09-10,Klaus Kiefer,klaus-sap,SAP,SAP,email-domain,1,0.01,,sap.com,SAP SE,0,,,lfx
Platform Mesh,m3,2026-06-10,2026-09-10,Jan Holub,,Individual,Individual,individual,1,0.01,,,,1,2026-08-13,2026-08-13,lfx
Platform Mesh,m3,2026-06-10,2026-09-10,Steffen,sk31337,SAP,SAP,commit-search,1,0.01,,sap.com,SAP,0,,,lfx
Platform Mesh,m3,2026-06-10,2026-09-10,Mirza Kopic,mirzakopic,SAP,SAP,email-domain,1,0.01,maintainer,sap.com,,0,,,lfx
Platform Mesh,m3,2026-06-10,2026-09-10,Frederic Wilhelm,,SAP,SAP,email-domain-name,1,0.01,,sap.com,,1,2026-03-31,2026-03-31,lfx
Platform Mesh,m3,2026-06-10,2026-09-10,Jan Holub,,Individual,Individual,individual,1,0.01,,,,1,2026-08-13,2026-08-13,lfx
Platform Mesh,m3,2026-06-10,2026-09-10,Angel Kafazov,,CST,CST,email-domain-name,1,0.01,,cst-bg.net,,243,2025-08-22,2026-09-08,lfx
Platform Mesh,m3,2026-06-10,2026-09-10,this-is-not-used,this-is-not-used,Individual,Individual,individual,1,0.01,,,,0,,,lfx
Chantico,m3,2026-06-10,2026-09-10,lhelwerd,lhelwerd,TNO,TNO,email-domain,157,42.2,,tno.nl,,16,2026-06-16,2026-08-28,lfx
Chantico,m3,2026-06-10,2026-09-10,clanks-miner-9o,clanks-miner-9o,Individual,Individual,individual,65,17.47,,icloud.com,,3,2026-06-19,2026-07-07,lfx
Chantico,m3,2026-06-10,2026-09-10,JeroenKappe,JeroenKappe,TNO,TNO,email-domain,51,13.71,,tno.nl,TNO-MISD,3,2026-07-14,2026-07-24,lfx
Chantico,m3,2026-06-10,2026-09-10,Leon Helwerda,,TNO,TNO,email-domain-name,29,7.8,,tno.nl,,16,2026-06-16,2026-08-28,lfx
Chantico,m3,2026-06-10,2026-09-10,RobinCamarasa,RobinCamarasa,TNO,TNO,email-domain,17,4.57,,tno.nl,TNO,1,2026-07-30,2026-07-30,lfx
Chantico,m3,2026-06-10,2026-09-10,stijnsa-tno,stijnsa-tno,TNO,Individual,personal-domain,13,3.49,,tno.nl,,3,2026-06-12,2026-07-31,lfx
Chantico,m3,2026-06-10,2026-09-10,MagielBruntink,MagielBruntink,TNO,TNO,email-domain,11,2.96,,tno.nl,TNO,0,,,lfx
Chantico,m3,2026-06-10,2026-09-10,AndrewRutherfoord,AndrewRutherfoord,Individual,Individual,individual,8,2.15,,,,0,,,lfx
Chantico,m3,2026-06-10,2026-09-10,Jeroen Kappé,,TNO,TNO,email-domain-name,6,1.61,,tno.nl,,3,2026-07-14,2026-07-24,lfx
Chantico,m3,2026-06-10,2026-09-10,Zeff020,Zeff020,TNO,TNO,email-domain,4,1.08,,tno.nl,Maastricht University,0,,,lfx
Chantico,m3,2026-06-10,2026-09-10,anne,,Individual,Individual,individual,4,1.08,,,,0,,,lfx
Chantico,m3,2026-06-10,2026-09-10,clanks-miner-9o,,Individual,Individual,individual,4,1.08,,,,3,2026-06-19,2026-07-07,lfx
Chantico,m3,2026-06-10,2026-09-10,RobinCamarasa,,TNO,TNO,email-domain-name,1,0.27,,tno.nl,,1,2026-07-30,2026-07-30,lfx
Chantico,m3,2026-06-10,2026-09-10,Zeff020,,TNO,TNO,same-person,1,0.27,,tno.nl,,0,,,lfx
Chantico,m3,2026-06-10,2026-09-10,Zef Wolffs,,TNO,TNO,email-domain-name,1,0.27,,tno.nl,,0,,,lfx
